-- MySQL dump 10.13  Distrib 8.0.32, for macos13.0 (arm64)
--
-- Host: 127.0.0.1    Database: teqtms
-- ------------------------------------------------------
-- Server version	8.0.32

/*!40101 SET @OLD_CHARACTER_SET_CLIENT=@@CHARACTER_SET_CLIENT */;
/*!40101 SET @OLD_CHARACTER_SET_RESULTS=@@CHARACTER_SET_RESULTS */;
/*!40101 SET @OLD_COLLATION_CONNECTION=@@COLLATION_CONNECTION */;
/*!50503 SET NAMES utf8mb4 */;
/*!40103 SET @OLD_TIME_ZONE=@@TIME_ZONE */;
/*!40103 SET TIME_ZONE='+00:00' */;
/*!40014 SET @OLD_UNIQUE_CHECKS=@@UNIQUE_CHECKS, UNIQUE_CHECKS=0 */;
/*!40014 SET @OLD_FOREIGN_KEY_CHECKS=@@FOREIGN_KEY_CHECKS, FOREIGN_KEY_CHECKS=0 */;
/*!40101 SET @OLD_SQL_MODE=@@SQL_MODE, SQL_MODE='NO_AUTO_VALUE_ON_ZERO' */;
/*!40111 SET @OLD_SQL_NOTES=@@SQL_NOTES, SQL_NOTES=0 */;

--
-- Table structure for table `activity_log`
--

DROP TABLE IF EXISTS `activity_log`;
/*!40101 SET @saved_cs_client     = @@character_set_client */;
/*!50503 SET character_set_client = utf8mb4 */;
CREATE TABLE `activity_log` (
  `id` bigint unsigned NOT NULL AUTO_INCREMENT,
  `log_name` varchar(255) COLLATE utf8mb4_unicode_ci DEFAULT NULL,
  `description` text COLLATE utf8mb4_unicode_ci NOT NULL,
  `subject_type` varchar(255) COLLATE utf8mb4_unicode_ci DEFAULT NULL,
  `event` varchar(255) COLLATE utf8mb4_unicode_ci DEFAULT NULL,
  `subject_id` bigint unsigned DEFAULT NULL,
  `causer_type` varchar(255) COLLATE utf8mb4_unicode_ci DEFAULT NULL,
  `causer_id` bigint unsigned DEFAULT NULL,
  `properties` json DEFAULT NULL,
  `batch_uuid` char(36) COLLATE utf8mb4_unicode_ci DEFAULT NULL,
  `created_at` timestamp NULL DEFAULT NULL,
  `updated_at` timestamp NULL DEFAULT NULL,
  PRIMARY KEY (`id`),
  KEY `subject` (`subject_type`,`subject_id`),
  KEY `causer` (`causer_type`,`causer_id`),
  KEY `activity_log_log_name_index` (`log_name`)
) ENGINE=InnoDB AUTO_INCREMENT=430 DEFAULT CHARSET=utf8mb4 COLLATE=utf8mb4_unicode_ci;
/*!40101 SET character_set_client = @saved_cs_client */;

--
-- Dumping data for table `activity_log`
--

LOCK TABLES `activity_log` WRITE;
/*!40000 ALTER TABLE `activity_log` DISABLE KEYS */;
INSERT INTO `activity_log` VALUES (1,'KycLevel','created','App\\Models\\KycLevel','created',1,NULL,NULL,'{\"attributes\": {\"name\": \"SILVER\", \"daily_limit\": 100000}}',NULL,'2023-05-01 14:53:05','2023-05-01 14:53:05'),(2,'KycLevel','created','App\\Models\\KycLevel','created',2,NULL,NULL,'{\"attributes\": {\"name\": \"GOLD\", \"daily_limit\": 200000}}',NULL,'2023-05-01 14:53:05','2023-05-01 14:53:05'),(3,'KycLevel','created','App\\Models\\KycLevel','created',3,NULL,NULL,'{\"attributes\": {\"name\": \"DIAMOND\", \"daily_limit\": 500000}}',NULL,'2023-05-01 14:53:05','2023-05-01 14:53:05'),(4,'KycLevel','created','App\\Models\\KycLevel','created',4,NULL,NULL,'{\"attributes\": {\"name\": \"MERCHANT\", \"daily_limit\": 1000000}}',NULL,'2023-05-01 14:53:05','2023-05-01 14:53:05'),(5,'Users','created','App\\Models\\User','created',1,NULL,NULL,'{\"attributes\": {\"name\": \"Teqtms Admin\", \"email\": \"admin@teqtms.com\"}}',NULL,'2023-05-01 14:53:05','2023-05-01 14:53:05'),(6,'Wallet','created','App\\Models\\Wallet','created',1,NULL,NULL,'{\"attributes\": {\"status\": \"ACTIVE\", \"account_number\": \"3030946523\"}}',NULL,'2023-05-01 14:53:05','2023-05-01 14:53:05'),(7,'Users','created','App\\Models\\User','created',2,NULL,NULL,'{\"attributes\": {\"name\": \"Bridie Turner\", \"email\": \"cruickshank.jovan@example.com\"}}',NULL,'2023-05-01 14:53:05','2023-05-01 14:53:05'),(8,'Wallet','created','App\\Models\\Wallet','created',2,NULL,NULL,'{\"attributes\": {\"status\": \"ACTIVE\", \"account_number\": \"3064259110\"}}',NULL,'2023-05-01 14:53:05','2023-05-01 14:53:05'),(9,'Users','created','App\\Models\\User','created',3,NULL,NULL,'{\"attributes\": {\"name\": \"Rosie Weimann\", \"email\": \"kurt53@example.com\"}}',NULL,'2023-05-01 14:53:05','2023-05-01 14:53:05'),(10,'Wallet','created','App\\Models\\Wallet','created',3,NULL,NULL,'{\"attributes\": {\"status\": \"ACTIVE\", \"account_number\": \"3092948632\"}}',NULL,'2023-05-01 14:53:05','2023-05-01 14:53:05'),(11,'Users','created','App\\Models\\User','created',4,NULL,NULL,'{\"attributes\": {\"name\": \"Abbie Herman\", \"email\": \"durgan.baron@example.org\"}}',NULL,'2023-05-01 14:53:05','2023-05-01 14:53:05'),(12,'Wallet','created','App\\Models\\Wallet','created',4,NULL,NULL,'{\"attributes\": {\"status\": \"ACTIVE\", \"account_number\": \"3045884516\"}}',NULL,'2023-05-01 14:53:05','2023-05-01 14:53:05'),(13,'Users','created','App\\Models\\User','created',5,NULL,NULL,'{\"attributes\": {\"name\": \"Merle Bashirian\", \"email\": \"berenice11@example.com\"}}',NULL,'2023-05-01 14:53:05','2023-05-01 14:53:05'),(14,'Wallet','created','App\\Models\\Wallet','created',5,NULL,NULL,'{\"attributes\": {\"status\": \"ACTIVE\", \"account_number\": \"3063965922\"}}',NULL,'2023-05-01 14:53:05','2023-05-01 14:53:05'),(15,'Users','created','App\\Models\\User','created',6,NULL,NULL,'{\"attributes\": {\"name\": \"Jennifer Dickens\", \"email\": \"weimann.abelardo@example.org\"}}',NULL,'2023-05-01 14:53:05','2023-05-01 14:53:05'),(16,'Wallet','created','App\\Models\\Wallet','created',6,NULL,NULL,'{\"attributes\": {\"status\": \"ACTIVE\", \"account_number\": \"3079604677\"}}',NULL,'2023-05-01 14:53:05','2023-05-01 14:53:05'),(17,'Users','created','App\\Models\\User','created',7,NULL,NULL,'{\"attributes\": {\"name\": \"Athena Botsford\", \"email\": \"sporer.lorine@example.net\"}}',NULL,'2023-05-01 14:53:05','2023-05-01 14:53:05'),(18,'Wallet','created','App\\Models\\Wallet','created',7,NULL,NULL,'{\"attributes\": {\"status\": \"ACTIVE\", \"account_number\": \"3029965281\"}}',NULL,'2023-05-01 14:53:05','2023-05-01 14:53:05'),(19,'Users','created','App\\Models\\User','created',8,NULL,NULL,'{\"attributes\": {\"name\": \"Savanah Corkery\", \"email\": \"fkreiger@example.org\"}}',NULL,'2023-05-01 14:53:05','2023-05-01 14:53:05'),(20,'Wallet','created','App\\Models\\Wallet','created',8,NULL,NULL,'{\"attributes\": {\"status\": \"ACTIVE\", \"account_number\": \"3040698694\"}}',NULL,'2023-05-01 14:53:05','2023-05-01 14:53:05'),(21,'Users','created','App\\Models\\User','created',9,NULL,NULL,'{\"attributes\": {\"name\": \"Eldred O\'Connell\", \"email\": \"herta.watsica@example.com\"}}',NULL,'2023-05-01 14:53:05','2023-05-01 14:53:05'),(22,'Wallet','created','App\\Models\\Wallet','created',9,NULL,NULL,'{\"attributes\": {\"status\": \"ACTIVE\", \"account_number\": \"3070780942\"}}',NULL,'2023-05-01 14:53:05','2023-05-01 14:53:05'),(23,'Users','created','App\\Models\\User','created',10,NULL,NULL,'{\"attributes\": {\"name\": \"Vaughn Reichel\", \"email\": \"wilfrid42@example.org\"}}',NULL,'2023-05-01 14:53:06','2023-05-01 14:53:06'),(24,'Wallet','created','App\\Models\\Wallet','created',10,NULL,NULL,'{\"attributes\": {\"status\": \"ACTIVE\", \"account_number\": \"3049356813\"}}',NULL,'2023-05-01 14:53:06','2023-05-01 14:53:06'),(25,'Users','created','App\\Models\\User','created',11,NULL,NULL,'{\"attributes\": {\"name\": \"Marc Gorczany\", \"email\": \"bosco.ima@example.org\"}}',NULL,'2023-05-01 14:53:06','2023-05-01 14:53:06'),(26,'Wallet','created','App\\Models\\Wallet','created',11,NULL,NULL,'{\"attributes\": {\"status\": \"ACTIVE\", \"account_number\": \"3038674598\"}}',NULL,'2023-05-01 14:53:06','2023-05-01 14:53:06'),(27,'Users','created','App\\Models\\User','created',12,NULL,NULL,'{\"attributes\": {\"name\": \"Alberto Koepp\", \"email\": \"jarrett.rippin@example.net\"}}',NULL,'2023-05-01 14:53:06','2023-05-01 14:53:06'),(28,'Wallet','created','App\\Models\\Wallet','created',12,NULL,NULL,'{\"attributes\": {\"status\": \"ACTIVE\", \"account_number\": \"3086134917\"}}',NULL,'2023-05-01 14:53:06','2023-05-01 14:53:06'),(29,'Users','created','App\\Models\\User','created',13,NULL,NULL,'{\"attributes\": {\"name\": \"Aileen White\", \"email\": \"uondricka@example.net\"}}',NULL,'2023-05-01 14:53:06','2023-05-01 14:53:06'),(30,'Wallet','created','App\\Models\\Wallet','created',13,NULL,NULL,'{\"attributes\": {\"status\": \"ACTIVE\", \"account_number\": \"3054031422\"}}',NULL,'2023-05-01 14:53:06','2023-05-01 14:53:06'),(31,'Users','created','App\\Models\\User','created',14,NULL,NULL,'{\"attributes\": {\"name\": \"Ines Kuvalis\", \"email\": \"mason.kshlerin@example.net\"}}',NULL,'2023-05-01 14:53:06','2023-05-01 14:53:06'),(32,'Wallet','created','App\\Models\\Wallet','created',14,NULL,NULL,'{\"attributes\": {\"status\": \"ACTIVE\", \"account_number\": \"3040380605\"}}',NULL,'2023-05-01 14:53:06','2023-05-01 14:53:06'),(33,'Users','created','App\\Models\\User','created',15,NULL,NULL,'{\"attributes\": {\"name\": \"Candida Gusikowski\", \"email\": \"michale.bartoletti@example.org\"}}',NULL,'2023-05-01 14:53:06','2023-05-01 14:53:06'),(34,'Wallet','created','App\\Models\\Wallet','created',15,NULL,NULL,'{\"attributes\": {\"status\": \"ACTIVE\", \"account_number\": \"3080442811\"}}',NULL,'2023-05-01 14:53:06','2023-05-01 14:53:06'),(35,'Users','created','App\\Models\\User','created',16,NULL,NULL,'{\"attributes\": {\"name\": \"Lessie Heathcote\", \"email\": \"quinton32@example.net\"}}',NULL,'2023-05-01 14:53:06','2023-05-01 14:53:06'),(36,'Wallet','created','App\\Models\\Wallet','created',16,NULL,NULL,'{\"attributes\": {\"status\": \"ACTIVE\", \"account_number\": \"3032821721\"}}',NULL,'2023-05-01 14:53:06','2023-05-01 14:53:06'),(37,'Users','created','App\\Models\\User','created',17,NULL,NULL,'{\"attributes\": {\"name\": \"Berenice Boehm\", \"email\": \"aida.yost@example.com\"}}',NULL,'2023-05-01 14:53:06','2023-05-01 14:53:06'),(38,'Wallet','created','App\\Models\\Wallet','created',17,NULL,NULL,'{\"attributes\": {\"status\": \"ACTIVE\", \"account_number\": \"3021540382\"}}',NULL,'2023-05-01 14:53:06','2023-05-01 14:53:06'),(39,'Users','created','App\\Models\\User','created',18,NULL,NULL,'{\"attributes\": {\"name\": \"Santiago Abbott\", \"email\": \"rosalia.watsica@example.org\"}}',NULL,'2023-05-01 14:53:06','2023-05-01 14:53:06'),(40,'Wallet','created','App\\Models\\Wallet','created',18,NULL,NULL,'{\"attributes\": {\"status\": \"ACTIVE\", \"account_number\": \"3075364898\"}}',NULL,'2023-05-01 14:53:06','2023-05-01 14:53:06'),(41,'Users','created','App\\Models\\User','created',19,NULL,NULL,'{\"attributes\": {\"name\": \"Joany Bogisich\", \"email\": \"beatty.jerome@example.org\"}}',NULL,'2023-05-01 14:53:06','2023-05-01 14:53:06'),(42,'Wallet','created','App\\Models\\Wallet','created',19,NULL,NULL,'{\"attributes\": {\"status\": \"ACTIVE\", \"account_number\": \"3018929680\"}}',NULL,'2023-05-01 14:53:06','2023-05-01 14:53:06'),(43,'Users','created','App\\Models\\User','created',20,NULL,NULL,'{\"attributes\": {\"name\": \"Polly Cassin\", \"email\": \"ohyatt@example.org\"}}',NULL,'2023-05-01 14:53:06','2023-05-01 14:53:06'),(44,'Wallet','created','App\\Models\\Wallet','created',20,NULL,NULL,'{\"attributes\": {\"status\": \"ACTIVE\", \"account_number\": \"3045154618\"}}',NULL,'2023-05-01 14:53:06','2023-05-01 14:53:06'),(45,'Users','created','App\\Models\\User','created',21,NULL,NULL,'{\"attributes\": {\"name\": \"Fletcher Erdman\", \"email\": \"briana.franecki@example.com\"}}',NULL,'2023-05-01 14:53:06','2023-05-01 14:53:06'),(46,'Wallet','created','App\\Models\\Wallet','created',21,NULL,NULL,'{\"attributes\": {\"status\": \"ACTIVE\", \"account_number\": \"3079526555\"}}',NULL,'2023-05-01 14:53:06','2023-05-01 14:53:06'),(47,'Users','created','App\\Models\\User','created',22,NULL,NULL,'{\"attributes\": {\"name\": \"Jordane Howell\", \"email\": \"khalil.simonis@example.org\"}}',NULL,'2023-05-01 14:53:06','2023-05-01 14:53:06'),(48,'Wallet','created','App\\Models\\Wallet','created',22,NULL,NULL,'{\"attributes\": {\"status\": \"ACTIVE\", \"account_number\": \"3060431395\"}}',NULL,'2023-05-01 14:53:06','2023-05-01 14:53:06'),(49,'Users','created','App\\Models\\User','created',23,NULL,NULL,'{\"attributes\": {\"name\": \"Germaine Nikolaus\", \"email\": \"alisa18@example.net\"}}',NULL,'2023-05-01 14:53:06','2023-05-01 14:53:06'),(50,'Wallet','created','App\\Models\\Wallet','created',23,NULL,NULL,'{\"attributes\": {\"status\": \"ACTIVE\", \"account_number\": \"3046542188\"}}',NULL,'2023-05-01 14:53:06','2023-05-01 14:53:06'),(51,'Users','created','App\\Models\\User','created',24,NULL,NULL,'{\"attributes\": {\"name\": \"Cole Deckow\", \"email\": \"dare.jade@example.net\"}}',NULL,'2023-05-01 14:53:07','2023-05-01 14:53:07'),(52,'Wallet','created','App\\Models\\Wallet','created',24,NULL,NULL,'{\"attributes\": {\"status\": \"ACTIVE\", \"account_number\": \"3021879908\"}}',NULL,'2023-05-01 14:53:07','2023-05-01 14:53:07'),(53,'Users','created','App\\Models\\User','created',25,NULL,NULL,'{\"attributes\": {\"name\": \"Frances Considine\", \"email\": \"maximo05@example.org\"}}',NULL,'2023-05-01 14:53:07','2023-05-01 14:53:07'),(54,'Wallet','created','App\\Models\\Wallet','created',25,NULL,NULL,'{\"attributes\": {\"status\": \"ACTIVE\", \"account_number\": \"3044371952\"}}',NULL,'2023-05-01 14:53:07','2023-05-01 14:53:07'),(55,'Users','created','App\\Models\\User','created',26,NULL,NULL,'{\"attributes\": {\"name\": \"Chris Cole\", \"email\": \"rice.boyd@example.org\"}}',NULL,'2023-05-01 14:53:07','2023-05-01 14:53:07'),(56,'Wallet','created','App\\Models\\Wallet','created',26,NULL,NULL,'{\"attributes\": {\"status\": \"ACTIVE\", \"account_number\": \"3054388250\"}}',NULL,'2023-05-01 14:53:07','2023-05-01 14:53:07'),(57,'Service','created','App\\Models\\Service','created',1,NULL,NULL,'{\"attributes\": {\"name\": \"CASHOUT/WITHDRAWAL\", \"provider\": null, \"description\": null}}',NULL,'2023-05-01 14:53:07','2023-05-01 14:53:07'),(58,'Service','created','App\\Models\\Service','created',2,NULL,NULL,'{\"attributes\": {\"name\": \"CABLE TV\", \"provider\": null, \"description\": null}}',NULL,'2023-05-01 14:53:07','2023-05-01 14:53:07'),(59,'Service','created','App\\Models\\Service','created',3,NULL,NULL,'{\"attributes\": {\"name\": \"AIRTIME\", \"provider\": null, \"description\": null}}',NULL,'2023-05-01 14:53:07','2023-05-01 14:53:07'),(60,'Service','created','App\\Models\\Service','created',4,NULL,NULL,'{\"attributes\": {\"name\": \"INTERNET DATA\", \"provider\": null, \"description\": null}}',NULL,'2023-05-01 14:53:07','2023-05-01 14:53:07'),(61,'Service','created','App\\Models\\Service','created',5,NULL,NULL,'{\"attributes\": {\"name\": \"ELECTRICITY\", \"provider\": null, \"description\": null}}',NULL,'2023-05-01 14:53:07','2023-05-01 14:53:07'),(62,'Service','created','App\\Models\\Service','created',6,NULL,NULL,'{\"attributes\": {\"name\": \"BANK TRANSFER\", \"provider\": null, \"description\": null}}',NULL,'2023-05-01 14:53:07','2023-05-01 14:53:07'),(63,'Service','created','App\\Models\\Service','created',7,NULL,NULL,'{\"attributes\": {\"name\": \"WALLET TRANSFER\", \"provider\": null, \"description\": null}}',NULL,'2023-05-01 14:53:07','2023-05-01 14:53:07'),(64,'Service','created','App\\Models\\Service','created',8,NULL,NULL,'{\"attributes\": {\"name\": \"FUNDING/INBOUND\", \"provider\": null, \"description\": null}}',NULL,'2023-05-01 14:53:07','2023-05-01 14:53:07'),(65,'Fee','created','App\\Models\\Fee','created',1,NULL,NULL,'{\"attributes\": {\"title\": \"CASHOUT/WITHDRAWAL\"}}',NULL,'2023-05-01 14:53:07','2023-05-01 14:53:07'),(66,'Fee','created','App\\Models\\Fee','created',2,NULL,NULL,'{\"attributes\": {\"title\": \"CABLE TV\"}}',NULL,'2023-05-01 14:53:07','2023-05-01 14:53:07'),(67,'Fee','created','App\\Models\\Fee','created',3,NULL,NULL,'{\"attributes\": {\"title\": \"AIRTIME\"}}',NULL,'2023-05-01 14:53:07','2023-05-01 14:53:07'),(68,'Fee','created','App\\Models\\Fee','created',4,NULL,NULL,'{\"attributes\": {\"title\": \"INTERNET DATA\"}}',NULL,'2023-05-01 14:53:07','2023-05-01 14:53:07'),(69,'Fee','created','App\\Models\\Fee','created',5,NULL,NULL,'{\"attributes\": {\"title\": \"ELECTRICITY\"}}',NULL,'2023-05-01 14:53:07','2023-05-01 14:53:07'),(70,'Fee','created','App\\Models\\Fee','created',6,NULL,NULL,'{\"attributes\": {\"title\": \"BANK TRANSFER\"}}',NULL,'2023-05-01 14:53:07','2023-05-01 14:53:07'),(71,'Fee','created','App\\Models\\Fee','created',7,NULL,NULL,'{\"attributes\": {\"title\": \"WALLET TRANSFER\"}}',NULL,'2023-05-01 14:53:07','2023-05-01 14:53:07'),(72,'Fee','created','App\\Models\\Fee','created',8,NULL,NULL,'{\"attributes\": {\"title\": \"FUNDING/INBOUND\"}}',NULL,'2023-05-01 14:53:07','2023-05-01 14:53:07'),(73,'GL','created','App\\Models\\GeneralLedger','created',1,NULL,NULL,'{\"attributes\": {\"balance\": 0}}',NULL,'2023-05-01 14:53:07','2023-05-01 14:53:07'),(74,'GL','created','App\\Models\\GeneralLedger','created',2,NULL,NULL,'{\"attributes\": {\"balance\": 0}}',NULL,'2023-05-01 14:53:07','2023-05-01 14:53:07'),(75,'GL','created','App\\Models\\GeneralLedger','created',3,NULL,NULL,'{\"attributes\": {\"balance\": 0}}',NULL,'2023-05-01 14:53:07','2023-05-01 14:53:07'),(76,'GL','created','App\\Models\\GeneralLedger','created',4,NULL,NULL,'{\"attributes\": {\"balance\": 0}}',NULL,'2023-05-01 14:53:07','2023-05-01 14:53:07'),(77,'GL','created','App\\Models\\GeneralLedger','created',5,NULL,NULL,'{\"attributes\": {\"balance\": 0}}',NULL,'2023-05-01 14:53:07','2023-05-01 14:53:07'),(78,'GL','created','App\\Models\\GeneralLedger','created',6,NULL,NULL,'{\"attributes\": {\"balance\": 0}}',NULL,'2023-05-01 14:53:07','2023-05-01 14:53:07'),(79,'GL','created','App\\Models\\GeneralLedger','created',7,NULL,NULL,'{\"attributes\": {\"balance\": 0}}',NULL,'2023-05-01 14:53:07','2023-05-01 14:53:07'),(80,'GL','created','App\\Models\\GeneralLedger','created',8,NULL,NULL,'{\"attributes\": {\"balance\": 0}}',NULL,'2023-05-01 14:53:07','2023-05-01 14:53:07'),(81,'Transaction','created','App\\Models\\Transaction','created',1,NULL,NULL,'{\"attributes\": {\"status\": \"SUCCESSFUL\", \"bank_name\": null, \"account_name\": null, \"total_amount\": 418682}}',NULL,'2023-05-01 14:53:07','2023-05-01 14:53:07'),(82,'Transaction','created','App\\Models\\Transaction','created',2,NULL,NULL,'{\"attributes\": {\"status\": \"PENDING\", \"bank_name\": null, \"account_name\": null, \"total_amount\": 650495}}',NULL,'2023-05-01 14:53:07','2023-05-01 14:53:07'),(83,'Transaction','created','App\\Models\\Transaction','created',3,NULL,NULL,'{\"attributes\": {\"status\": \"PENDING\", \"bank_name\": null, \"account_name\": null, \"total_amount\": 641976}}',NULL,'2023-05-01 14:53:07','2023-05-01 14:53:07'),(84,'Transaction','created','App\\Models\\Transaction','created',4,NULL,NULL,'{\"attributes\": {\"status\": \"FAILED\", \"bank_name\": null, \"account_name\": null, \"total_amount\": 786411}}',NULL,'2023-05-01 14:53:07','2023-05-01 14:53:07'),(85,'Transaction','created','App\\Models\\Transaction','created',5,NULL,NULL,'{\"attributes\": {\"status\": \"PENDING\", \"bank_name\": null, \"account_name\": null, \"total_amount\": 920530}}',NULL,'2023-05-01 14:53:07','2023-05-01 14:53:07'),(86,'Transaction','created','App\\Models\\Transaction','created',6,NULL,NULL,'{\"attributes\": {\"status\": \"PENDING\", \"bank_name\": null, \"account_name\": null, \"total_amount\": 124335}}',NULL,'2023-05-01 14:53:07','2023-05-01 14:53:07'),(87,'Transaction','created','App\\Models\\Transaction','created',7,NULL,NULL,'{\"attributes\": {\"status\": \"PENDING\", \"bank_name\": null, \"account_name\": null, \"total_amount\": 727608}}',NULL,'2023-05-01 14:53:07','2023-05-01 14:53:07'),(88,'Transaction','created','App\\Models\\Transaction','created',8,NULL,NULL,'{\"attributes\": {\"status\": \"SUCCESSFUL\", \"bank_name\": null, \"account_name\": null, \"total_amount\": 575843}}',NULL,'2023-05-01 14:53:07','2023-05-01 14:53:07'),(89,'Transaction','created','App\\Models\\Transaction','created',9,NULL,NULL,'{\"attributes\": {\"status\": \"SUCCESSFUL\", \"bank_name\": null, \"account_name\": null, \"total_amount\": 301494}}',NULL,'2023-05-01 14:53:07','2023-05-01 14:53:07'),(90,'Transaction','created','App\\Models\\Transaction','created',10,NULL,NULL,'{\"attributes\": {\"status\": \"SUCCESSFUL\", \"bank_name\": null, \"account_name\": null, \"total_amount\": 897174}}',NULL,'2023-05-01 14:53:07','2023-05-01 14:53:07'),(91,'Transaction','created','App\\Models\\Transaction','created',11,NULL,NULL,'{\"attributes\": {\"status\": \"PENDING\", \"bank_name\": null, \"account_name\": null, \"total_amount\": 870511}}',NULL,'2023-05-01 14:53:07','2023-05-01 14:53:07'),(92,'Transaction','created','App\\Models\\Transaction','created',12,NULL,NULL,'{\"attributes\": {\"status\": \"SUCCESSFUL\", \"bank_name\": null, \"account_name\": null, \"total_amount\": 503797}}',NULL,'2023-05-01 14:53:07','2023-05-01 14:53:07'),(93,'Transaction','created','App\\Models\\Transaction','created',13,NULL,NULL,'{\"attributes\": {\"status\": \"FAILED\", \"bank_name\": null, \"account_name\": null, \"total_amount\": 481842}}',NULL,'2023-05-01 14:53:07','2023-05-01 14:53:07'),(94,'Transaction','created','App\\Models\\Transaction','created',14,NULL,NULL,'{\"attributes\": {\"status\": \"PENDING\", \"bank_name\": null, \"account_name\": null, \"total_amount\": 239754}}',NULL,'2023-05-01 14:53:07','2023-05-01 14:53:07'),(95,'Transaction','created','App\\Models\\Transaction','created',15,NULL,NULL,'{\"attributes\": {\"status\": \"FAILED\", \"bank_name\": null, \"account_name\": null, \"total_amount\": 418546}}',NULL,'2023-05-01 14:53:07','2023-05-01 14:53:07'),(96,'Transaction','created','App\\Models\\Transaction','created',16,NULL,NULL,'{\"attributes\": {\"status\": \"FAILED\", \"bank_name\": null, \"account_name\": null, \"total_amount\": 384774}}',NULL,'2023-05-01 14:53:07','2023-05-01 14:53:07'),(97,'Transaction','created','App\\Models\\Transaction','created',17,NULL,NULL,'{\"attributes\": {\"status\": \"SUCCESSFUL\", \"bank_name\": null, \"account_name\": null, \"total_amount\": 138962}}',NULL,'2023-05-01 14:53:07','2023-05-01 14:53:07'),(98,'Transaction','created','App\\Models\\Transaction','created',18,NULL,NULL,'{\"attributes\": {\"status\": \"PENDING\", \"bank_name\": null, \"account_name\": null, \"total_amount\": 951748}}',NULL,'2023-05-01 14:53:07','2023-05-01 14:53:07'),(99,'Transaction','created','App\\Models\\Transaction','created',19,NULL,NULL,'{\"attributes\": {\"status\": \"SUCCESSFUL\", \"bank_name\": null, \"account_name\": null, \"total_amount\": 901211}}',NULL,'2023-05-01 14:53:07','2023-05-01 14:53:07'),(100,'Transaction','created','App\\Models\\Transaction','created',20,NULL,NULL,'{\"attributes\": {\"status\": \"FAILED\", \"bank_name\": null, \"account_name\": null, \"total_amount\": 335438}}',NULL,'2023-05-01 14:53:07','2023-05-01 14:53:07'),(101,'Transaction','created','App\\Models\\Transaction','created',21,NULL,NULL,'{\"attributes\": {\"status\": \"PENDING\", \"bank_name\": null, \"account_name\": null, \"total_amount\": 455470}}',NULL,'2023-05-01 14:53:07','2023-05-01 14:53:07'),(102,'Transaction','created','App\\Models\\Transaction','created',22,NULL,NULL,'{\"attributes\": {\"status\": \"PENDING\", \"bank_name\": null, \"account_name\": null, \"total_amount\": 634012}}',NULL,'2023-05-01 14:53:07','2023-05-01 14:53:07'),(103,'Transaction','created','App\\Models\\Transaction','created',23,NULL,NULL,'{\"attributes\": {\"status\": \"PENDING\", \"bank_name\": null, \"account_name\": null, \"total_amount\": 799952}}',NULL,'2023-05-01 14:53:07','2023-05-01 14:53:07'),(104,'Transaction','created','App\\Models\\Transaction','created',24,NULL,NULL,'{\"attributes\": {\"status\": \"SUCCESSFUL\", \"bank_name\": null, \"account_name\": null, \"total_amount\": 406063}}',NULL,'2023-05-01 14:53:07','2023-05-01 14:53:07'),(105,'Transaction','created','App\\Models\\Transaction','created',25,NULL,NULL,'{\"attributes\": {\"status\": \"FAILED\", \"bank_name\": null, \"account_name\": null, \"total_amount\": 354505}}',NULL,'2023-05-01 14:53:07','2023-05-01 14:53:07'),(106,'Transaction','created','App\\Models\\Transaction','created',26,NULL,NULL,'{\"attributes\": {\"status\": \"FAILED\", \"bank_name\": null, \"account_name\": null, \"total_amount\": 737635}}',NULL,'2023-05-01 14:53:07','2023-05-01 14:53:07'),(107,'Transaction','created','App\\Models\\Transaction','created',27,NULL,NULL,'{\"attributes\": {\"status\": \"PENDING\", \"bank_name\": null, \"account_name\": null, \"total_amount\": 374441}}',NULL,'2023-05-01 14:53:07','2023-05-01 14:53:07'),(108,'Transaction','created','App\\Models\\Transaction','created',28,NULL,NULL,'{\"attributes\": {\"status\": \"PENDING\", \"bank_name\": null, \"account_name\": null, \"total_amount\": 106744}}',NULL,'2023-05-01 14:53:07','2023-05-01 14:53:07'),(109,'Transaction','created','App\\Models\\Transaction','created',29,NULL,NULL,'{\"attributes\": {\"status\": \"PENDING\", \"bank_name\": null, \"account_name\": null, \"total_amount\": 97017}}',NULL,'2023-05-01 14:53:07','2023-05-01 14:53:07'),(110,'Transaction','created','App\\Models\\Transaction','created',30,NULL,NULL,'{\"attributes\": {\"status\": \"FAILED\", \"bank_name\": null, \"account_name\": null, \"total_amount\": 424695}}',NULL,'2023-05-01 14:53:07','2023-05-01 14:53:07'),(111,'Transaction','created','App\\Models\\Transaction','created',31,NULL,NULL,'{\"attributes\": {\"status\": \"SUCCESSFUL\", \"bank_name\": null, \"account_name\": null, \"total_amount\": 759511}}',NULL,'2023-05-01 14:53:07','2023-05-01 14:53:07'),(112,'Transaction','created','App\\Models\\Transaction','created',32,NULL,NULL,'{\"attributes\": {\"status\": \"PENDING\", \"bank_name\": null, \"account_name\": null, \"total_amount\": 177750}}',NULL,'2023-05-01 14:53:07','2023-05-01 14:53:07'),(113,'Transaction','created','App\\Models\\Transaction','created',33,NULL,NULL,'{\"attributes\": {\"status\": \"PENDING\", \"bank_name\": null, \"account_name\": null, \"total_amount\": 230452}}',NULL,'2023-05-01 14:53:07','2023-05-01 14:53:07'),(114,'Transaction','created','App\\Models\\Transaction','created',34,NULL,NULL,'{\"attributes\": {\"status\": \"SUCCESSFUL\", \"bank_name\": null, \"account_name\": null, \"total_amount\": 520266}}',NULL,'2023-05-01 14:53:07','2023-05-01 14:53:07'),(115,'Transaction','created','App\\Models\\Transaction','created',35,NULL,NULL,'{\"attributes\": {\"status\": \"SUCCESSFUL\", \"bank_name\": null, \"account_name\": null, \"total_amount\": 697469}}',NULL,'2023-05-01 14:53:07','2023-05-01 14:53:07'),(116,'Transaction','created','App\\Models\\Transaction','created',36,NULL,NULL,'{\"attributes\": {\"status\": \"SUCCESSFUL\", \"bank_name\": null, \"account_name\": null, \"total_amount\": 633777}}',NULL,'2023-05-01 14:53:07','2023-05-01 14:53:07'),(117,'Transaction','created','App\\Models\\Transaction','created',37,NULL,NULL,'{\"attributes\": {\"status\": \"SUCCESSFUL\", \"bank_name\": null, \"account_name\": null, \"total_amount\": 725397}}',NULL,'2023-05-01 14:53:07','2023-05-01 14:53:07'),(118,'Transaction','created','App\\Models\\Transaction','created',38,NULL,NULL,'{\"attributes\": {\"status\": \"FAILED\", \"bank_name\": null, \"account_name\": null, \"total_amount\": 771054}}',NULL,'2023-05-01 14:53:07','2023-05-01 14:53:07'),(119,'Transaction','created','App\\Models\\Transaction','created',39,NULL,NULL,'{\"attributes\": {\"status\": \"FAILED\", \"bank_name\": null, \"account_name\": null, \"total_amount\": 132959}}',NULL,'2023-05-01 14:53:07','2023-05-01 14:53:07'),(120,'Transaction','created','App\\Models\\Transaction','created',40,NULL,NULL,'{\"attributes\": {\"status\": \"FAILED\", \"bank_name\": null, \"account_name\": null, \"total_amount\": 783990}}',NULL,'2023-05-01 14:53:07','2023-05-01 14:53:07'),(121,'Transaction','created','App\\Models\\Transaction','created',41,NULL,NULL,'{\"attributes\": {\"status\": \"PENDING\", \"bank_name\": null, \"account_name\": null, \"total_amount\": 204959}}',NULL,'2023-05-01 14:53:07','2023-05-01 14:53:07'),(122,'Transaction','created','App\\Models\\Transaction','created',42,NULL,NULL,'{\"attributes\": {\"status\": \"FAILED\", \"bank_name\": null, \"account_name\": null, \"total_amount\": 314108}}',NULL,'2023-05-01 14:53:07','2023-05-01 14:53:07'),(123,'Transaction','created','App\\Models\\Transaction','created',43,NULL,NULL,'{\"attributes\": {\"status\": \"FAILED\", \"bank_name\": null, \"account_name\": null, \"total_amount\": 307082}}',NULL,'2023-05-01 14:53:07','2023-05-01 14:53:07'),(124,'Transaction','created','App\\Models\\Transaction','created',44,NULL,NULL,'{\"attributes\": {\"status\": \"SUCCESSFUL\", \"bank_name\": null, \"account_name\": null, \"total_amount\": 892014}}',NULL,'2023-05-01 14:53:07','2023-05-01 14:53:07'),(125,'Transaction','created','App\\Models\\Transaction','created',45,NULL,NULL,'{\"attributes\": {\"status\": \"PENDING\", \"bank_name\": null, \"account_name\": null, \"total_amount\": 597604}}',NULL,'2023-05-01 14:53:07','2023-05-01 14:53:07'),(126,'Transaction','created','App\\Models\\Transaction','created',46,NULL,NULL,'{\"attributes\": {\"status\": \"SUCCESSFUL\", \"bank_name\": null, \"account_name\": null, \"total_amount\": 450710}}',NULL,'2023-05-01 14:53:07','2023-05-01 14:53:07'),(127,'Transaction','created','App\\Models\\Transaction','created',47,NULL,NULL,'{\"attributes\": {\"status\": \"FAILED\", \"bank_name\": null, \"account_name\": null, \"total_amount\": 603831}}',NULL,'2023-05-01 14:53:07','2023-05-01 14:53:07'),(128,'Transaction','created','App\\Models\\Transaction','created',48,NULL,NULL,'{\"attributes\": {\"status\": \"FAILED\", \"bank_name\": null, \"account_name\": null, \"total_amount\": 538271}}',NULL,'2023-05-01 14:53:07','2023-05-01 14:53:07'),(129,'Transaction','created','App\\Models\\Transaction','created',49,NULL,NULL,'{\"attributes\": {\"status\": \"PENDING\", \"bank_name\": null, \"account_name\": null, \"total_amount\": 795830}}',NULL,'2023-05-01 14:53:07','2023-05-01 14:53:07'),(130,'Transaction','created','App\\Models\\Transaction','created',50,NULL,NULL,'{\"attributes\": {\"status\": \"PENDING\", \"bank_name\": null, \"account_name\": null, \"total_amount\": 91634}}',NULL,'2023-05-01 14:53:07','2023-05-01 14:53:07'),(131,'Transaction','created','App\\Models\\Transaction','created',51,NULL,NULL,'{\"attributes\": {\"status\": \"PENDING\", \"bank_name\": null, \"account_name\": null, \"total_amount\": 789231}}',NULL,'2023-05-01 14:53:07','2023-05-01 14:53:07'),(132,'Transaction','created','App\\Models\\Transaction','created',52,NULL,NULL,'{\"attributes\": {\"status\": \"FAILED\", \"bank_name\": null, \"account_name\": null, \"total_amount\": 787945}}',NULL,'2023-05-01 14:53:07','2023-05-01 14:53:07'),(133,'Transaction','created','App\\Models\\Transaction','created',53,NULL,NULL,'{\"attributes\": {\"status\": \"FAILED\", \"bank_name\": null, \"account_name\": null, \"total_amount\": 430932}}',NULL,'2023-05-01 14:53:07','2023-05-01 14:53:07'),(134,'Transaction','created','App\\Models\\Transaction','created',54,NULL,NULL,'{\"attributes\": {\"status\": \"PENDING\", \"bank_name\": null, \"account_name\": null, \"total_amount\": 848010}}',NULL,'2023-05-01 14:53:07','2023-05-01 14:53:07'),(135,'Transaction','created','App\\Models\\Transaction','created',55,NULL,NULL,'{\"attributes\": {\"status\": \"PENDING\", \"bank_name\": null, \"account_name\": null, \"total_amount\": 891577}}',NULL,'2023-05-01 14:53:07','2023-05-01 14:53:07'),(136,'Transaction','created','App\\Models\\Transaction','created',56,NULL,NULL,'{\"attributes\": {\"status\": \"SUCCESSFUL\", \"bank_name\": null, \"account_name\": null, \"total_amount\": 247238}}',NULL,'2023-05-01 14:53:07','2023-05-01 14:53:07'),(137,'Transaction','created','App\\Models\\Transaction','created',57,NULL,NULL,'{\"attributes\": {\"status\": \"SUCCESSFUL\", \"bank_name\": null, \"account_name\": null, \"total_amount\": 436753}}',NULL,'2023-05-01 14:53:07','2023-05-01 14:53:07'),(138,'Transaction','created','App\\Models\\Transaction','created',58,NULL,NULL,'{\"attributes\": {\"status\": \"FAILED\", \"bank_name\": null, \"account_name\": null, \"total_amount\": 811266}}',NULL,'2023-05-01 14:53:07','2023-05-01 14:53:07'),(139,'Transaction','created','App\\Models\\Transaction','created',59,NULL,NULL,'{\"attributes\": {\"status\": \"FAILED\", \"bank_name\": null, \"account_name\": null, \"total_amount\": 72021}}',NULL,'2023-05-01 14:53:07','2023-05-01 14:53:07'),(140,'Transaction','created','App\\Models\\Transaction','created',60,NULL,NULL,'{\"attributes\": {\"status\": \"PENDING\", \"bank_name\": null, \"account_name\": null, \"total_amount\": 952396}}',NULL,'2023-05-01 14:53:07','2023-05-01 14:53:07'),(141,'Transaction','created','App\\Models\\Transaction','created',61,NULL,NULL,'{\"attributes\": {\"status\": \"FAILED\", \"bank_name\": null, \"account_name\": null, \"total_amount\": 778201}}',NULL,'2023-05-01 14:53:07','2023-05-01 14:53:07'),(142,'Transaction','created','App\\Models\\Transaction','created',62,NULL,NULL,'{\"attributes\": {\"status\": \"FAILED\", \"bank_name\": null, \"account_name\": null, \"total_amount\": 615199}}',NULL,'2023-05-01 14:53:07','2023-05-01 14:53:07'),(143,'Transaction','created','App\\Models\\Transaction','created',63,NULL,NULL,'{\"attributes\": {\"status\": \"PENDING\", \"bank_name\": null, \"account_name\": null, \"total_amount\": 814001}}',NULL,'2023-05-01 14:53:07','2023-05-01 14:53:07'),(144,'Transaction','created','App\\Models\\Transaction','created',64,NULL,NULL,'{\"attributes\": {\"status\": \"SUCCESSFUL\", \"bank_name\": null, \"account_name\": null, \"total_amount\": 140385}}',NULL,'2023-05-01 14:53:07','2023-05-01 14:53:07'),(145,'Transaction','created','App\\Models\\Transaction','created',65,NULL,NULL,'{\"attributes\": {\"status\": \"SUCCESSFUL\", \"bank_name\": null, \"account_name\": null, \"total_amount\": 495407}}',NULL,'2023-05-01 14:53:07','2023-05-01 14:53:07'),(146,'Transaction','created','App\\Models\\Transaction','created',66,NULL,NULL,'{\"attributes\": {\"status\": \"FAILED\", \"bank_name\": null, \"account_name\": null, \"total_amount\": 783628}}',NULL,'2023-05-01 14:53:07','2023-05-01 14:53:07'),(147,'Transaction','created','App\\Models\\Transaction','created',67,NULL,NULL,'{\"attributes\": {\"status\": \"SUCCESSFUL\", \"bank_name\": null, \"account_name\": null, \"total_amount\": 787583}}',NULL,'2023-05-01 14:53:07','2023-05-01 14:53:07'),(148,'Transaction','created','App\\Models\\Transaction','created',68,NULL,NULL,'{\"attributes\": {\"status\": \"FAILED\", \"bank_name\": null, \"account_name\": null, \"total_amount\": 507071}}',NULL,'2023-05-01 14:53:07','2023-05-01 14:53:07'),(149,'Transaction','created','App\\Models\\Transaction','created',69,NULL,NULL,'{\"attributes\": {\"status\": \"SUCCESSFUL\", \"bank_name\": null, \"account_name\": null, \"total_amount\": 638045}}',NULL,'2023-05-01 14:53:07','2023-05-01 14:53:07'),(150,'Transaction','created','App\\Models\\Transaction','created',70,NULL,NULL,'{\"attributes\": {\"status\": \"SUCCESSFUL\", \"bank_name\": null, \"account_name\": null, \"total_amount\": 497115}}',NULL,'2023-05-01 14:53:07','2023-05-01 14:53:07'),(151,'Transaction','created','App\\Models\\Transaction','created',71,NULL,NULL,'{\"attributes\": {\"status\": \"FAILED\", \"bank_name\": null, \"account_name\": null, \"total_amount\": 282101}}',NULL,'2023-05-01 14:53:07','2023-05-01 14:53:07'),(152,'Transaction','created','App\\Models\\Transaction','created',72,NULL,NULL,'{\"attributes\": {\"status\": \"PENDING\", \"bank_name\": null, \"account_name\": null, \"total_amount\": 944669}}',NULL,'2023-05-01 14:53:07','2023-05-01 14:53:07'),(153,'Transaction','created','App\\Models\\Transaction','created',73,NULL,NULL,'{\"attributes\": {\"status\": \"FAILED\", \"bank_name\": null, \"account_name\": null, \"total_amount\": 895531}}',NULL,'2023-05-01 14:53:07','2023-05-01 14:53:07'),(154,'Transaction','created','App\\Models\\Transaction','created',74,NULL,NULL,'{\"attributes\": {\"status\": \"FAILED\", \"bank_name\": null, \"account_name\": null, \"total_amount\": 555156}}',NULL,'2023-05-01 14:53:07','2023-05-01 14:53:07'),(155,'Transaction','created','App\\Models\\Transaction','created',75,NULL,NULL,'{\"attributes\": {\"status\": \"FAILED\", \"bank_name\": null, \"account_name\": null, \"total_amount\": 807963}}',NULL,'2023-05-01 14:53:07','2023-05-01 14:53:07'),(156,'Transaction','created','App\\Models\\Transaction','created',76,NULL,NULL,'{\"attributes\": {\"status\": \"SUCCESSFUL\", \"bank_name\": null, \"account_name\": null, \"total_amount\": 401502}}',NULL,'2023-05-01 14:53:07','2023-05-01 14:53:07'),(157,'Transaction','created','App\\Models\\Transaction','created',77,NULL,NULL,'{\"attributes\": {\"status\": \"SUCCESSFUL\", \"bank_name\": null, \"account_name\": null, \"total_amount\": 739025}}',NULL,'2023-05-01 14:53:07','2023-05-01 14:53:07'),(158,'Transaction','created','App\\Models\\Transaction','created',78,NULL,NULL,'{\"attributes\": {\"status\": \"SUCCESSFUL\", \"bank_name\": null, \"account_name\": null, \"total_amount\": 728595}}',NULL,'2023-05-01 14:53:07','2023-05-01 14:53:07'),(159,'Transaction','created','App\\Models\\Transaction','created',79,NULL,NULL,'{\"attributes\": {\"status\": \"PENDING\", \"bank_name\": null, \"account_name\": null, \"total_amount\": 430604}}',NULL,'2023-05-01 14:53:07','2023-05-01 14:53:07'),(160,'Transaction','created','App\\Models\\Transaction','created',80,NULL,NULL,'{\"attributes\": {\"status\": \"PENDING\", \"bank_name\": null, \"account_name\": null, \"total_amount\": 868531}}',NULL,'2023-05-01 14:53:07','2023-05-01 14:53:07'),(161,'Transaction','created','App\\Models\\Transaction','created',81,NULL,NULL,'{\"attributes\": {\"status\": \"PENDING\", \"bank_name\": null, \"account_name\": null, \"total_amount\": 54641}}',NULL,'2023-05-01 14:53:07','2023-05-01 14:53:07'),(162,'Transaction','created','App\\Models\\Transaction','created',82,NULL,NULL,'{\"attributes\": {\"status\": \"FAILED\", \"bank_name\": null, \"account_name\": null, \"total_amount\": 444668}}',NULL,'2023-05-01 14:53:07','2023-05-01 14:53:07'),(163,'Transaction','created','App\\Models\\Transaction','created',83,NULL,NULL,'{\"attributes\": {\"status\": \"SUCCESSFUL\", \"bank_name\": null, \"account_name\": null, \"total_amount\": 720671}}',NULL,'2023-05-01 14:53:07','2023-05-01 14:53:07'),(164,'Transaction','created','App\\Models\\Transaction','created',84,NULL,NULL,'{\"attributes\": {\"status\": \"FAILED\", \"bank_name\": null, \"account_name\": null, \"total_amount\": 374685}}',NULL,'2023-05-01 14:53:07','2023-05-01 14:53:07'),(165,'Transaction','created','App\\Models\\Transaction','created',85,NULL,NULL,'{\"attributes\": {\"status\": \"FAILED\", \"bank_name\": null, \"account_name\": null, \"total_amount\": 900503}}',NULL,'2023-05-01 14:53:07','2023-05-01 14:53:07'),(166,'Transaction','created','App\\Models\\Transaction','created',86,NULL,NULL,'{\"attributes\": {\"status\": \"SUCCESSFUL\", \"bank_name\": null, \"account_name\": null, \"total_amount\": 236509}}',NULL,'2023-05-01 14:53:07','2023-05-01 14:53:07'),(167,'Transaction','created','App\\Models\\Transaction','created',87,NULL,NULL,'{\"attributes\": {\"status\": \"FAILED\", \"bank_name\": null, \"account_name\": null, \"total_amount\": 197206}}',NULL,'2023-05-01 14:53:07','2023-05-01 14:53:07'),(168,'Transaction','created','App\\Models\\Transaction','created',88,NULL,NULL,'{\"attributes\": {\"status\": \"FAILED\", \"bank_name\": null, \"account_name\": null, \"total_amount\": 382236}}',NULL,'2023-05-01 14:53:07','2023-05-01 14:53:07'),(169,'Transaction','created','App\\Models\\Transaction','created',89,NULL,NULL,'{\"attributes\": {\"status\": \"FAILED\", \"bank_name\": null, \"account_name\": null, \"total_amount\": 898695}}',NULL,'2023-05-01 14:53:07','2023-05-01 14:53:07'),(170,'Transaction','created','App\\Models\\Transaction','created',90,NULL,NULL,'{\"attributes\": {\"status\": \"SUCCESSFUL\", \"bank_name\": null, \"account_name\": null, \"total_amount\": 76409}}',NULL,'2023-05-01 14:53:07','2023-05-01 14:53:07'),(171,'Transaction','created','App\\Models\\Transaction','created',91,NULL,NULL,'{\"attributes\": {\"status\": \"PENDING\", \"bank_name\": null, \"account_name\": null, \"total_amount\": 103497}}',NULL,'2023-05-01 14:53:07','2023-05-01 14:53:07'),(172,'Transaction','created','App\\Models\\Transaction','created',92,NULL,NULL,'{\"attributes\": {\"status\": \"SUCCESSFUL\", \"bank_name\": null, \"account_name\": null, \"total_amount\": 764922}}',NULL,'2023-05-01 14:53:07','2023-05-01 14:53:07'),(173,'Transaction','created','App\\Models\\Transaction','created',93,NULL,NULL,'{\"attributes\": {\"status\": \"FAILED\", \"bank_name\": null, \"account_name\": null, \"total_amount\": 232088}}',NULL,'2023-05-01 14:53:07','2023-05-01 14:53:07'),(174,'Transaction','created','App\\Models\\Transaction','created',94,NULL,NULL,'{\"attributes\": {\"status\": \"FAILED\", \"bank_name\": null, \"account_name\": null, \"total_amount\": 901629}}',NULL,'2023-05-01 14:53:07','2023-05-01 14:53:07'),(175,'Transaction','created','App\\Models\\Transaction','created',95,NULL,NULL,'{\"attributes\": {\"status\": \"FAILED\", \"bank_name\": null, \"account_name\": null, \"total_amount\": 318022}}',NULL,'2023-05-01 14:53:07','2023-05-01 14:53:07'),(176,'Transaction','created','App\\Models\\Transaction','created',96,NULL,NULL,'{\"attributes\": {\"status\": \"FAILED\", \"bank_name\": null, \"account_name\": null, \"total_amount\": 244193}}',NULL,'2023-05-01 14:53:07','2023-05-01 14:53:07'),(177,'Transaction','created','App\\Models\\Transaction','created',97,NULL,NULL,'{\"attributes\": {\"status\": \"SUCCESSFUL\", \"bank_name\": null, \"account_name\": null, \"total_amount\": 969759}}',NULL,'2023-05-01 14:53:07','2023-05-01 14:53:07'),(178,'Transaction','created','App\\Models\\Transaction','created',98,NULL,NULL,'{\"attributes\": {\"status\": \"PENDING\", \"bank_name\": null, \"account_name\": null, \"total_amount\": 833750}}',NULL,'2023-05-01 14:53:07','2023-05-01 14:53:07'),(179,'Transaction','created','App\\Models\\Transaction','created',99,NULL,NULL,'{\"attributes\": {\"status\": \"FAILED\", \"bank_name\": null, \"account_name\": null, \"total_amount\": 177806}}',NULL,'2023-05-01 14:53:07','2023-05-01 14:53:07'),(180,'Transaction','created','App\\Models\\Transaction','created',100,NULL,NULL,'{\"attributes\": {\"status\": \"PENDING\", \"bank_name\": null, \"account_name\": null, \"total_amount\": 955548}}',NULL,'2023-05-01 14:53:07','2023-05-01 14:53:07'),(181,'Transaction','created','App\\Models\\Transaction','created',101,NULL,NULL,'{\"attributes\": {\"status\": \"FAILED\", \"bank_name\": null, \"account_name\": null, \"total_amount\": 874108}}',NULL,'2023-05-01 14:53:07','2023-05-01 14:53:07'),(182,'Transaction','created','App\\Models\\Transaction','created',102,NULL,NULL,'{\"attributes\": {\"status\": \"PENDING\", \"bank_name\": null, \"account_name\": null, \"total_amount\": 462032}}',NULL,'2023-05-01 14:53:07','2023-05-01 14:53:07'),(183,'Transaction','created','App\\Models\\Transaction','created',103,NULL,NULL,'{\"attributes\": {\"status\": \"FAILED\", \"bank_name\": null, \"account_name\": null, \"total_amount\": 388781}}',NULL,'2023-05-01 14:53:07','2023-05-01 14:53:07'),(184,'Transaction','created','App\\Models\\Transaction','created',104,NULL,NULL,'{\"attributes\": {\"status\": \"FAILED\", \"bank_name\": null, \"account_name\": null, \"total_amount\": 369399}}',NULL,'2023-05-01 14:53:07','2023-05-01 14:53:07'),(185,'Transaction','created','App\\Models\\Transaction','created',105,NULL,NULL,'{\"attributes\": {\"status\": \"FAILED\", \"bank_name\": null, \"account_name\": null, \"total_amount\": 202430}}',NULL,'2023-05-01 14:53:07','2023-05-01 14:53:07'),(186,'Transaction','created','App\\Models\\Transaction','created',106,NULL,NULL,'{\"attributes\": {\"status\": \"SUCCESSFUL\", \"bank_name\": null, \"account_name\": null, \"total_amount\": 635987}}',NULL,'2023-05-01 14:53:07','2023-05-01 14:53:07'),(187,'Transaction','created','App\\Models\\Transaction','created',107,NULL,NULL,'{\"attributes\": {\"status\": \"SUCCESSFUL\", \"bank_name\": null, \"account_name\": null, \"total_amount\": 122518}}',NULL,'2023-05-01 14:53:07','2023-05-01 14:53:07'),(188,'Transaction','created','App\\Models\\Transaction','created',108,NULL,NULL,'{\"attributes\": {\"status\": \"FAILED\", \"bank_name\": null, \"account_name\": null, \"total_amount\": 935695}}',NULL,'2023-05-01 14:53:07','2023-05-01 14:53:07'),(189,'Transaction','created','App\\Models\\Transaction','created',109,NULL,NULL,'{\"attributes\": {\"status\": \"SUCCESSFUL\", \"bank_name\": null, \"account_name\": null, \"total_amount\": 871598}}',NULL,'2023-05-01 14:53:07','2023-05-01 14:53:07'),(190,'Transaction','created','App\\Models\\Transaction','created',110,NULL,NULL,'{\"attributes\": {\"status\": \"PENDING\", \"bank_name\": null, \"account_name\": null, \"total_amount\": 371356}}',NULL,'2023-05-01 14:53:07','2023-05-01 14:53:07'),(191,'Transaction','created','App\\Models\\Transaction','created',111,NULL,NULL,'{\"attributes\": {\"status\": \"FAILED\", \"bank_name\": null, \"account_name\": null, \"total_amount\": 255749}}',NULL,'2023-05-01 14:53:07','2023-05-01 14:53:07'),(192,'Transaction','created','App\\Models\\Transaction','created',112,NULL,NULL,'{\"attributes\": {\"status\": \"FAILED\", \"bank_name\": null, \"account_name\": null, \"total_amount\": 45232}}',NULL,'2023-05-01 14:53:07','2023-05-01 14:53:07'),(193,'Transaction','created','App\\Models\\Transaction','created',113,NULL,NULL,'{\"attributes\": {\"status\": \"PENDING\", \"bank_name\": null, \"account_name\": null, \"total_amount\": 686428}}',NULL,'2023-05-01 14:53:07','2023-05-01 14:53:07'),(194,'Transaction','created','App\\Models\\Transaction','created',114,NULL,NULL,'{\"attributes\": {\"status\": \"PENDING\", \"bank_name\": null, \"account_name\": null, \"total_amount\": 276815}}',NULL,'2023-05-01 14:53:07','2023-05-01 14:53:07'),(195,'Transaction','created','App\\Models\\Transaction','created',115,NULL,NULL,'{\"attributes\": {\"status\": \"SUCCESSFUL\", \"bank_name\": null, \"account_name\": null, \"total_amount\": 834103}}',NULL,'2023-05-01 14:53:07','2023-05-01 14:53:07'),(196,'Transaction','created','App\\Models\\Transaction','created',116,NULL,NULL,'{\"attributes\": {\"status\": \"FAILED\", \"bank_name\": null, \"account_name\": null, \"total_amount\": 402365}}',NULL,'2023-05-01 14:53:07','2023-05-01 14:53:07'),(197,'Transaction','created','App\\Models\\Transaction','created',117,NULL,NULL,'{\"attributes\": {\"status\": \"PENDING\", \"bank_name\": null, \"account_name\": null, \"total_amount\": 758892}}',NULL,'2023-05-01 14:53:07','2023-05-01 14:53:07'),(198,'Transaction','created','App\\Models\\Transaction','created',118,NULL,NULL,'{\"attributes\": {\"status\": \"PENDING\", \"bank_name\": null, \"account_name\": null, \"total_amount\": 38448}}',NULL,'2023-05-01 14:53:07','2023-05-01 14:53:07'),(199,'Transaction','created','App\\Models\\Transaction','created',119,NULL,NULL,'{\"attributes\": {\"status\": \"FAILED\", \"bank_name\": null, \"account_name\": null, \"total_amount\": 954929}}',NULL,'2023-05-01 14:53:07','2023-05-01 14:53:07'),(200,'Transaction','created','App\\Models\\Transaction','created',120,NULL,NULL,'{\"attributes\": {\"status\": \"PENDING\", \"bank_name\": null, \"account_name\": null, \"total_amount\": 808621}}',NULL,'2023-05-01 14:53:07','2023-05-01 14:53:07'),(201,'Transaction','created','App\\Models\\Transaction','created',121,NULL,NULL,'{\"attributes\": {\"status\": \"PENDING\", \"bank_name\": null, \"account_name\": null, \"total_amount\": 315786}}',NULL,'2023-05-01 14:53:07','2023-05-01 14:53:07'),(202,'Transaction','created','App\\Models\\Transaction','created',122,NULL,NULL,'{\"attributes\": {\"status\": \"FAILED\", \"bank_name\": null, \"account_name\": null, \"total_amount\": 332831}}',NULL,'2023-05-01 14:53:07','2023-05-01 14:53:07'),(203,'Transaction','created','App\\Models\\Transaction','created',123,NULL,NULL,'{\"attributes\": {\"status\": \"PENDING\", \"bank_name\": null, \"account_name\": null, \"total_amount\": 581076}}',NULL,'2023-05-01 14:53:07','2023-05-01 14:53:07'),(204,'Transaction','created','App\\Models\\Transaction','created',124,NULL,NULL,'{\"attributes\": {\"status\": \"FAILED\", \"bank_name\": null, \"account_name\": null, \"total_amount\": 883665}}',NULL,'2023-05-01 14:53:07','2023-05-01 14:53:07'),(205,'Transaction','created','App\\Models\\Transaction','created',125,NULL,NULL,'{\"attributes\": {\"status\": \"SUCCESSFUL\", \"bank_name\": null, \"account_name\": null, \"total_amount\": 911530}}',NULL,'2023-05-01 14:53:07','2023-05-01 14:53:07'),(206,'Transaction','created','App\\Models\\Transaction','created',126,NULL,NULL,'{\"attributes\": {\"status\": \"PENDING\", \"bank_name\": null, \"account_name\": null, \"total_amount\": 815180}}',NULL,'2023-05-01 14:53:07','2023-05-01 14:53:07'),(207,'Transaction','created','App\\Models\\Transaction','created',127,NULL,NULL,'{\"attributes\": {\"status\": \"PENDING\", \"bank_name\": null, \"account_name\": null, \"total_amount\": 770037}}',NULL,'2023-05-01 14:53:07','2023-05-01 14:53:07'),(208,'Transaction','created','App\\Models\\Transaction','created',128,NULL,NULL,'{\"attributes\": {\"status\": \"FAILED\", \"bank_name\": null, \"account_name\": null, \"total_amount\": 40924}}',NULL,'2023-05-01 14:53:07','2023-05-01 14:53:07'),(209,'Transaction','created','App\\Models\\Transaction','created',129,NULL,NULL,'{\"attributes\": {\"status\": \"PENDING\", \"bank_name\": null, \"account_name\": null, \"total_amount\": 577495}}',NULL,'2023-05-01 14:53:07','2023-05-01 14:53:07'),(210,'Transaction','created','App\\Models\\Transaction','created',130,NULL,NULL,'{\"attributes\": {\"status\": \"PENDING\", \"bank_name\": null, \"account_name\": null, \"total_amount\": 140786}}',NULL,'2023-05-01 14:53:07','2023-05-01 14:53:07'),(211,'Transaction','created','App\\Models\\Transaction','created',131,NULL,NULL,'{\"attributes\": {\"status\": \"FAILED\", \"bank_name\": null, \"account_name\": null, \"total_amount\": 1974}}',NULL,'2023-05-01 14:53:07','2023-05-01 14:53:07'),(212,'Transaction','created','App\\Models\\Transaction','created',132,NULL,NULL,'{\"attributes\": {\"status\": \"PENDING\", \"bank_name\": null, \"account_name\": null, \"total_amount\": 849925}}',NULL,'2023-05-01 14:53:07','2023-05-01 14:53:07'),(213,'Transaction','created','App\\Models\\Transaction','created',133,NULL,NULL,'{\"attributes\": {\"status\": \"PENDING\", \"bank_name\": null, \"account_name\": null, \"total_amount\": 783341}}',NULL,'2023-05-01 14:53:07','2023-05-01 14:53:07'),(214,'Transaction','created','App\\Models\\Transaction','created',134,NULL,NULL,'{\"attributes\": {\"status\": \"FAILED\", \"bank_name\": null, \"account_name\": null, \"total_amount\": 958857}}',NULL,'2023-05-01 14:53:07','2023-05-01 14:53:07'),(215,'Transaction','created','App\\Models\\Transaction','created',135,NULL,NULL,'{\"attributes\": {\"status\": \"PENDING\", \"bank_name\": null, \"account_name\": null, \"total_amount\": 152962}}',NULL,'2023-05-01 14:53:07','2023-05-01 14:53:07'),(216,'Transaction','created','App\\Models\\Transaction','created',136,NULL,NULL,'{\"attributes\": {\"status\": \"FAILED\", \"bank_name\": null, \"account_name\": null, \"total_amount\": 531616}}',NULL,'2023-05-01 14:53:07','2023-05-01 14:53:07'),(217,'Transaction','created','App\\Models\\Transaction','created',137,NULL,NULL,'{\"attributes\": {\"status\": \"PENDING\", \"bank_name\": null, \"account_name\": null, \"total_amount\": 198167}}',NULL,'2023-05-01 14:53:07','2023-05-01 14:53:07'),(218,'Transaction','created','App\\Models\\Transaction','created',138,NULL,NULL,'{\"attributes\": {\"status\": \"SUCCESSFUL\", \"bank_name\": null, \"account_name\": null, \"total_amount\": 927206}}',NULL,'2023-05-01 14:53:07','2023-05-01 14:53:07'),(219,'Transaction','created','App\\Models\\Transaction','created',139,NULL,NULL,'{\"attributes\": {\"status\": \"FAILED\", \"bank_name\": null, \"account_name\": null, \"total_amount\": 690384}}',NULL,'2023-05-01 14:53:07','2023-05-01 14:53:07'),(220,'Transaction','created','App\\Models\\Transaction','created',140,NULL,NULL,'{\"attributes\": {\"status\": \"FAILED\", \"bank_name\": null, \"account_name\": null, \"total_amount\": 194541}}',NULL,'2023-05-01 14:53:07','2023-05-01 14:53:07'),(221,'Transaction','created','App\\Models\\Transaction','created',141,NULL,NULL,'{\"attributes\": {\"status\": \"PENDING\", \"bank_name\": null, \"account_name\": null, \"total_amount\": 634027}}',NULL,'2023-05-01 14:53:07','2023-05-01 14:53:07'),(222,'Transaction','created','App\\Models\\Transaction','created',142,NULL,NULL,'{\"attributes\": {\"status\": \"FAILED\", \"bank_name\": null, \"account_name\": null, \"total_amount\": 490375}}',NULL,'2023-05-01 14:53:07','2023-05-01 14:53:07'),(223,'Transaction','created','App\\Models\\Transaction','created',143,NULL,NULL,'{\"attributes\": {\"status\": \"PENDING\", \"bank_name\": null, \"account_name\": null, \"total_amount\": 889665}}',NULL,'2023-05-01 14:53:07','2023-05-01 14:53:07'),(224,'Transaction','created','App\\Models\\Transaction','created',144,NULL,NULL,'{\"attributes\": {\"status\": \"FAILED\", \"bank_name\": null, \"account_name\": null, \"total_amount\": 70791}}',NULL,'2023-05-01 14:53:07','2023-05-01 14:53:07'),(225,'Transaction','created','App\\Models\\Transaction','created',145,NULL,NULL,'{\"attributes\": {\"status\": \"PENDING\", \"bank_name\": null, \"account_name\": null, \"total_amount\": 164322}}',NULL,'2023-05-01 14:53:07','2023-05-01 14:53:07'),(226,'Transaction','created','App\\Models\\Transaction','created',146,NULL,NULL,'{\"attributes\": {\"status\": \"FAILED\", \"bank_name\": null, \"account_name\": null, \"total_amount\": 226108}}',NULL,'2023-05-01 14:53:07','2023-05-01 14:53:07'),(227,'Transaction','created','App\\Models\\Transaction','created',147,NULL,NULL,'{\"attributes\": {\"status\": \"SUCCESSFUL\", \"bank_name\": null, \"account_name\": null, \"total_amount\": 677460}}',NULL,'2023-05-01 14:53:07','2023-05-01 14:53:07'),(228,'Transaction','created','App\\Models\\Transaction','created',148,NULL,NULL,'{\"attributes\": {\"status\": \"FAILED\", \"bank_name\": null, \"account_name\": null, \"total_amount\": 455187}}',NULL,'2023-05-01 14:53:07','2023-05-01 14:53:07'),(229,'Transaction','created','App\\Models\\Transaction','created',149,NULL,NULL,'{\"attributes\": {\"status\": \"SUCCESSFUL\", \"bank_name\": null, \"account_name\": null, \"total_amount\": 965019}}',NULL,'2023-05-01 14:53:07','2023-05-01 14:53:07'),(230,'Transaction','created','App\\Models\\Transaction','created',150,NULL,NULL,'{\"attributes\": {\"status\": \"FAILED\", \"bank_name\": null, \"account_name\": null, \"total_amount\": 149537}}',NULL,'2023-05-01 14:53:07','2023-05-01 14:53:07'),(231,'Transaction','created','App\\Models\\Transaction','created',151,NULL,NULL,'{\"attributes\": {\"status\": \"PENDING\", \"bank_name\": null, \"account_name\": null, \"total_amount\": 157672}}',NULL,'2023-05-01 14:53:07','2023-05-01 14:53:07'),(232,'Transaction','created','App\\Models\\Transaction','created',152,NULL,NULL,'{\"attributes\": {\"status\": \"PENDING\", \"bank_name\": null, \"account_name\": null, \"total_amount\": 334386}}',NULL,'2023-05-01 14:53:07','2023-05-01 14:53:07'),(233,'Transaction','created','App\\Models\\Transaction','created',153,NULL,NULL,'{\"attributes\": {\"status\": \"FAILED\", \"bank_name\": null, \"account_name\": null, \"total_amount\": 665239}}',NULL,'2023-05-01 14:53:07','2023-05-01 14:53:07'),(234,'Transaction','created','App\\Models\\Transaction','created',154,NULL,NULL,'{\"attributes\": {\"status\": \"FAILED\", \"bank_name\": null, \"account_name\": null, \"total_amount\": 615699}}',NULL,'2023-05-01 14:53:07','2023-05-01 14:53:07'),(235,'Transaction','created','App\\Models\\Transaction','created',155,NULL,NULL,'{\"attributes\": {\"status\": \"PENDING\", \"bank_name\": null, \"account_name\": null, \"total_amount\": 402995}}',NULL,'2023-05-01 14:53:07','2023-05-01 14:53:07'),(236,'Transaction','created','App\\Models\\Transaction','created',156,NULL,NULL,'{\"attributes\": {\"status\": \"FAILED\", \"bank_name\": null, \"account_name\": null, \"total_amount\": 582656}}',NULL,'2023-05-01 14:53:07','2023-05-01 14:53:07'),(237,'Wallet-transaction','created','App\\Models\\WalletTransaction','created',1,NULL,NULL,'{\"attributes\": {\"status\": \"SUCCESSFUL\"}}',NULL,'2023-05-01 14:53:07','2023-05-01 14:53:07'),(238,'Wallet-transaction','created','App\\Models\\WalletTransaction','created',2,NULL,NULL,'{\"attributes\": {\"status\": \"SUCCESSFUL\"}}',NULL,'2023-05-01 14:53:07','2023-05-01 14:53:07'),(239,'Wallet-transaction','created','App\\Models\\WalletTransaction','created',3,NULL,NULL,'{\"attributes\": {\"status\": \"SUCCESSFUL\"}}',NULL,'2023-05-01 14:53:07','2023-05-01 14:53:07'),(240,'Wallet-transaction','created','App\\Models\\WalletTransaction','created',4,NULL,NULL,'{\"attributes\": {\"status\": \"SUCCESSFUL\"}}',NULL,'2023-05-01 14:53:07','2023-05-01 14:53:07'),(241,'Wallet-transaction','created','App\\Models\\WalletTransaction','created',5,NULL,NULL,'{\"attributes\": {\"status\": \"SUCCESSFUL\"}}',NULL,'2023-05-01 14:53:07','2023-05-01 14:53:07'),(242,'Wallet-transaction','created','App\\Models\\WalletTransaction','created',6,NULL,NULL,'{\"attributes\": {\"status\": \"SUCCESSFUL\"}}',NULL,'2023-05-01 14:53:07','2023-05-01 14:53:07'),(243,'Wallet-transaction','created','App\\Models\\WalletTransaction','created',7,NULL,NULL,'{\"attributes\": {\"status\": \"SUCCESSFUL\"}}',NULL,'2023-05-01 14:53:07','2023-05-01 14:53:07'),(244,'Wallet-transaction','created','App\\Models\\WalletTransaction','created',8,NULL,NULL,'{\"attributes\": {\"status\": \"SUCCESSFUL\"}}',NULL,'2023-05-01 14:53:07','2023-05-01 14:53:07'),(245,'Wallet-transaction','created','App\\Models\\WalletTransaction','created',9,NULL,NULL,'{\"attributes\": {\"status\": \"SUCCESSFUL\"}}',NULL,'2023-05-01 14:53:07','2023-05-01 14:53:07'),(246,'Wallet-transaction','created','App\\Models\\WalletTransaction','created',10,NULL,NULL,'{\"attributes\": {\"status\": \"SUCCESSFUL\"}}',NULL,'2023-05-01 14:53:07','2023-05-01 14:53:07'),(247,'Wallet-transaction','created','App\\Models\\WalletTransaction','created',11,NULL,NULL,'{\"attributes\": {\"status\": \"SUCCESSFUL\"}}',NULL,'2023-05-01 14:53:07','2023-05-01 14:53:07'),(248,'Wallet-transaction','created','App\\Models\\WalletTransaction','created',12,NULL,NULL,'{\"attributes\": {\"status\": \"SUCCESSFUL\"}}',NULL,'2023-05-01 14:53:07','2023-05-01 14:53:07'),(249,'Wallet-transaction','created','App\\Models\\WalletTransaction','created',13,NULL,NULL,'{\"attributes\": {\"status\": \"SUCCESSFUL\"}}',NULL,'2023-05-01 14:53:07','2023-05-01 14:53:07'),(250,'Wallet-transaction','created','App\\Models\\WalletTransaction','created',14,NULL,NULL,'{\"attributes\": {\"status\": \"SUCCESSFUL\"}}',NULL,'2023-05-01 14:53:07','2023-05-01 14:53:07'),(251,'Wallet-transaction','created','App\\Models\\WalletTransaction','created',15,NULL,NULL,'{\"attributes\": {\"status\": \"SUCCESSFUL\"}}',NULL,'2023-05-01 14:53:07','2023-05-01 14:53:07'),(252,'Wallet-transaction','created','App\\Models\\WalletTransaction','created',16,NULL,NULL,'{\"attributes\": {\"status\": \"SUCCESSFUL\"}}',NULL,'2023-05-01 14:53:07','2023-05-01 14:53:07'),(253,'Wallet-transaction','created','App\\Models\\WalletTransaction','created',17,NULL,NULL,'{\"attributes\": {\"status\": \"SUCCESSFUL\"}}',NULL,'2023-05-01 14:53:07','2023-05-01 14:53:07'),(254,'Wallet-transaction','created','App\\Models\\WalletTransaction','created',18,NULL,NULL,'{\"attributes\": {\"status\": \"SUCCESSFUL\"}}',NULL,'2023-05-01 14:53:07','2023-05-01 14:53:07'),(255,'Wallet-transaction','created','App\\Models\\WalletTransaction','created',19,NULL,NULL,'{\"attributes\": {\"status\": \"SUCCESSFUL\"}}',NULL,'2023-05-01 14:53:07','2023-05-01 14:53:07'),(256,'Wallet-transaction','created','App\\Models\\WalletTransaction','created',20,NULL,NULL,'{\"attributes\": {\"status\": \"SUCCESSFUL\"}}',NULL,'2023-05-01 14:53:07','2023-05-01 14:53:07'),(257,'Wallet-transaction','created','App\\Models\\WalletTransaction','created',21,NULL,NULL,'{\"attributes\": {\"status\": \"SUCCESSFUL\"}}',NULL,'2023-05-01 14:53:07','2023-05-01 14:53:07'),(258,'Wallet-transaction','created','App\\Models\\WalletTransaction','created',22,NULL,NULL,'{\"attributes\": {\"status\": \"SUCCESSFUL\"}}',NULL,'2023-05-01 14:53:07','2023-05-01 14:53:07'),(259,'Wallet-transaction','created','App\\Models\\WalletTransaction','created',23,NULL,NULL,'{\"attributes\": {\"status\": \"SUCCESSFUL\"}}',NULL,'2023-05-01 14:53:07','2023-05-01 14:53:07'),(260,'Wallet-transaction','created','App\\Models\\WalletTransaction','created',24,NULL,NULL,'{\"attributes\": {\"status\": \"SUCCESSFUL\"}}',NULL,'2023-05-01 14:53:07','2023-05-01 14:53:07'),(261,'Wallet-transaction','created','App\\Models\\WalletTransaction','created',25,NULL,NULL,'{\"attributes\": {\"status\": \"SUCCESSFUL\"}}',NULL,'2023-05-01 14:53:07','2023-05-01 14:53:07'),(262,'Wallet-transaction','created','App\\Models\\WalletTransaction','created',26,NULL,NULL,'{\"attributes\": {\"status\": \"SUCCESSFUL\"}}',NULL,'2023-05-01 14:53:07','2023-05-01 14:53:07'),(263,'Wallet-transaction','created','App\\Models\\WalletTransaction','created',27,NULL,NULL,'{\"attributes\": {\"status\": \"SUCCESSFUL\"}}',NULL,'2023-05-01 14:53:07','2023-05-01 14:53:07'),(264,'Wallet-transaction','created','App\\Models\\WalletTransaction','created',28,NULL,NULL,'{\"attributes\": {\"status\": \"SUCCESSFUL\"}}',NULL,'2023-05-01 14:53:07','2023-05-01 14:53:07'),(265,'Wallet-transaction','created','App\\Models\\WalletTransaction','created',29,NULL,NULL,'{\"attributes\": {\"status\": \"SUCCESSFUL\"}}',NULL,'2023-05-01 14:53:07','2023-05-01 14:53:07'),(266,'Wallet-transaction','created','App\\Models\\WalletTransaction','created',30,NULL,NULL,'{\"attributes\": {\"status\": \"SUCCESSFUL\"}}',NULL,'2023-05-01 14:53:07','2023-05-01 14:53:07'),(267,'Wallet-transaction','created','App\\Models\\WalletTransaction','created',31,NULL,NULL,'{\"attributes\": {\"status\": \"SUCCESSFUL\"}}',NULL,'2023-05-01 14:53:07','2023-05-01 14:53:07'),(268,'Wallet-transaction','created','App\\Models\\WalletTransaction','created',32,NULL,NULL,'{\"attributes\": {\"status\": \"SUCCESSFUL\"}}',NULL,'2023-05-01 14:53:07','2023-05-01 14:53:07'),(269,'Wallet-transaction','created','App\\Models\\WalletTransaction','created',33,NULL,NULL,'{\"attributes\": {\"status\": \"SUCCESSFUL\"}}',NULL,'2023-05-01 14:53:07','2023-05-01 14:53:07'),(270,'Wallet-transaction','created','App\\Models\\WalletTransaction','created',34,NULL,NULL,'{\"attributes\": {\"status\": \"SUCCESSFUL\"}}',NULL,'2023-05-01 14:53:07','2023-05-01 14:53:07'),(271,'Wallet-transaction','created','App\\Models\\WalletTransaction','created',35,NULL,NULL,'{\"attributes\": {\"status\": \"SUCCESSFUL\"}}',NULL,'2023-05-01 14:53:07','2023-05-01 14:53:07'),(272,'Wallet-transaction','created','App\\Models\\WalletTransaction','created',36,NULL,NULL,'{\"attributes\": {\"status\": \"SUCCESSFUL\"}}',NULL,'2023-05-01 14:53:07','2023-05-01 14:53:07'),(273,'Wallet-transaction','created','App\\Models\\WalletTransaction','created',37,NULL,NULL,'{\"attributes\": {\"status\": \"SUCCESSFUL\"}}',NULL,'2023-05-01 14:53:07','2023-05-01 14:53:07'),(274,'Wallet-transaction','created','App\\Models\\WalletTransaction','created',38,NULL,NULL,'{\"attributes\": {\"status\": \"SUCCESSFUL\"}}',NULL,'2023-05-01 14:53:07','2023-05-01 14:53:07'),(275,'Wallet-transaction','created','App\\Models\\WalletTransaction','created',39,NULL,NULL,'{\"attributes\": {\"status\": \"SUCCESSFUL\"}}',NULL,'2023-05-01 14:53:07','2023-05-01 14:53:07'),(276,'Wallet-transaction','created','App\\Models\\WalletTransaction','created',40,NULL,NULL,'{\"attributes\": {\"status\": \"SUCCESSFUL\"}}',NULL,'2023-05-01 14:53:07','2023-05-01 14:53:07'),(277,'Wallet-transaction','created','App\\Models\\WalletTransaction','created',41,NULL,NULL,'{\"attributes\": {\"status\": \"SUCCESSFUL\"}}',NULL,'2023-05-01 14:53:07','2023-05-01 14:53:07'),(278,'Wallet-transaction','created','App\\Models\\WalletTransaction','created',42,NULL,NULL,'{\"attributes\": {\"status\": \"SUCCESSFUL\"}}',NULL,'2023-05-01 14:53:07','2023-05-01 14:53:07'),(279,'Wallet-transaction','created','App\\Models\\WalletTransaction','created',43,NULL,NULL,'{\"attributes\": {\"status\": \"SUCCESSFUL\"}}',NULL,'2023-05-01 14:53:07','2023-05-01 14:53:07'),(280,'Wallet-transaction','created','App\\Models\\WalletTransaction','created',44,NULL,NULL,'{\"attributes\": {\"status\": \"SUCCESSFUL\"}}',NULL,'2023-05-01 14:53:07','2023-05-01 14:53:07'),(281,'Wallet-transaction','created','App\\Models\\WalletTransaction','created',45,NULL,NULL,'{\"attributes\": {\"status\": \"SUCCESSFUL\"}}',NULL,'2023-05-01 14:53:07','2023-05-01 14:53:07'),(282,'Wallet-transaction','created','App\\Models\\WalletTransaction','created',46,NULL,NULL,'{\"attributes\": {\"status\": \"SUCCESSFUL\"}}',NULL,'2023-05-01 14:53:07','2023-05-01 14:53:07'),(283,'Wallet-transaction','created','App\\Models\\WalletTransaction','created',47,NULL,NULL,'{\"attributes\": {\"status\": \"SUCCESSFUL\"}}',NULL,'2023-05-01 14:53:07','2023-05-01 14:53:07'),(284,'Wallet-transaction','created','App\\Models\\WalletTransaction','created',48,NULL,NULL,'{\"attributes\": {\"status\": \"SUCCESSFUL\"}}',NULL,'2023-05-01 14:53:07','2023-05-01 14:53:07'),(285,'Wallet-transaction','created','App\\Models\\WalletTransaction','created',49,NULL,NULL,'{\"attributes\": {\"status\": \"SUCCESSFUL\"}}',NULL,'2023-05-01 14:53:07','2023-05-01 14:53:07'),(286,'Wallet-transaction','created','App\\Models\\WalletTransaction','created',50,NULL,NULL,'{\"attributes\": {\"status\": \"SUCCESSFUL\"}}',NULL,'2023-05-01 14:53:07','2023-05-01 14:53:07'),(287,'Wallet-transaction','created','App\\Models\\WalletTransaction','created',51,NULL,NULL,'{\"attributes\": {\"status\": \"SUCCESSFUL\"}}',NULL,'2023-05-01 14:53:07','2023-05-01 14:53:07'),(288,'Wallet-transaction','created','App\\Models\\WalletTransaction','created',52,NULL,NULL,'{\"attributes\": {\"status\": \"SUCCESSFUL\"}}',NULL,'2023-05-01 14:53:07','2023-05-01 14:53:07'),(289,'Wallet-transaction','created','App\\Models\\WalletTransaction','created',53,NULL,NULL,'{\"attributes\": {\"status\": \"SUCCESSFUL\"}}',NULL,'2023-05-01 14:53:07','2023-05-01 14:53:07'),(290,'Wallet-transaction','created','App\\Models\\WalletTransaction','created',54,NULL,NULL,'{\"attributes\": {\"status\": \"SUCCESSFUL\"}}',NULL,'2023-05-01 14:53:07','2023-05-01 14:53:07'),(291,'Wallet-transaction','created','App\\Models\\WalletTransaction','created',55,NULL,NULL,'{\"attributes\": {\"status\": \"SUCCESSFUL\"}}',NULL,'2023-05-01 14:53:07','2023-05-01 14:53:07'),(292,'Wallet-transaction','created','App\\Models\\WalletTransaction','created',56,NULL,NULL,'{\"attributes\": {\"status\": \"SUCCESSFUL\"}}',NULL,'2023-05-01 14:53:07','2023-05-01 14:53:07'),(293,'Wallet-transaction','created','App\\Models\\WalletTransaction','created',57,NULL,NULL,'{\"attributes\": {\"status\": \"SUCCESSFUL\"}}',NULL,'2023-05-01 14:53:07','2023-05-01 14:53:07'),(294,'Wallet-transaction','created','App\\Models\\WalletTransaction','created',58,NULL,NULL,'{\"attributes\": {\"status\": \"SUCCESSFUL\"}}',NULL,'2023-05-01 14:53:07','2023-05-01 14:53:07'),(295,'Wallet-transaction','created','App\\Models\\WalletTransaction','created',59,NULL,NULL,'{\"attributes\": {\"status\": \"SUCCESSFUL\"}}',NULL,'2023-05-01 14:53:07','2023-05-01 14:53:07'),(296,'Wallet-transaction','created','App\\Models\\WalletTransaction','created',60,NULL,NULL,'{\"attributes\": {\"status\": \"SUCCESSFUL\"}}',NULL,'2023-05-01 14:53:07','2023-05-01 14:53:07'),(297,'Wallet-transaction','created','App\\Models\\WalletTransaction','created',61,NULL,NULL,'{\"attributes\": {\"status\": \"SUCCESSFUL\"}}',NULL,'2023-05-01 14:53:07','2023-05-01 14:53:07'),(298,'Wallet-transaction','created','App\\Models\\WalletTransaction','created',62,NULL,NULL,'{\"attributes\": {\"status\": \"SUCCESSFUL\"}}',NULL,'2023-05-01 14:53:07','2023-05-01 14:53:07'),(299,'Wallet-transaction','created','App\\Models\\WalletTransaction','created',63,NULL,NULL,'{\"attributes\": {\"status\": \"SUCCESSFUL\"}}',NULL,'2023-05-01 14:53:07','2023-05-01 14:53:07'),(300,'Wallet-transaction','created','App\\Models\\WalletTransaction','created',64,NULL,NULL,'{\"attributes\": {\"status\": \"SUCCESSFUL\"}}',NULL,'2023-05-01 14:53:07','2023-05-01 14:53:07'),(301,'Wallet-transaction','created','App\\Models\\WalletTransaction','created',65,NULL,NULL,'{\"attributes\": {\"status\": \"SUCCESSFUL\"}}',NULL,'2023-05-01 14:53:07','2023-05-01 14:53:07'),(302,'Wallet-transaction','created','App\\Models\\WalletTransaction','created',66,NULL,NULL,'{\"attributes\": {\"status\": \"SUCCESSFUL\"}}',NULL,'2023-05-01 14:53:07','2023-05-01 14:53:07'),(303,'Wallet-transaction','created','App\\Models\\WalletTransaction','created',67,NULL,NULL,'{\"attributes\": {\"status\": \"SUCCESSFUL\"}}',NULL,'2023-05-01 14:53:07','2023-05-01 14:53:07'),(304,'Wallet-transaction','created','App\\Models\\WalletTransaction','created',68,NULL,NULL,'{\"attributes\": {\"status\": \"SUCCESSFUL\"}}',NULL,'2023-05-01 14:53:07','2023-05-01 14:53:07'),(305,'Wallet-transaction','created','App\\Models\\WalletTransaction','created',69,NULL,NULL,'{\"attributes\": {\"status\": \"SUCCESSFUL\"}}',NULL,'2023-05-01 14:53:07','2023-05-01 14:53:07'),(306,'Wallet-transaction','created','App\\Models\\WalletTransaction','created',70,NULL,NULL,'{\"attributes\": {\"status\": \"SUCCESSFUL\"}}',NULL,'2023-05-01 14:53:07','2023-05-01 14:53:07'),(307,'Wallet-transaction','created','App\\Models\\WalletTransaction','created',71,NULL,NULL,'{\"attributes\": {\"status\": \"SUCCESSFUL\"}}',NULL,'2023-05-01 14:53:07','2023-05-01 14:53:07'),(308,'Wallet-transaction','created','App\\Models\\WalletTransaction','created',72,NULL,NULL,'{\"attributes\": {\"status\": \"SUCCESSFUL\"}}',NULL,'2023-05-01 14:53:07','2023-05-01 14:53:07'),(309,'Wallet-transaction','created','App\\Models\\WalletTransaction','created',73,NULL,NULL,'{\"attributes\": {\"status\": \"SUCCESSFUL\"}}',NULL,'2023-05-01 14:53:07','2023-05-01 14:53:07'),(310,'Wallet-transaction','created','App\\Models\\WalletTransaction','created',74,NULL,NULL,'{\"attributes\": {\"status\": \"SUCCESSFUL\"}}',NULL,'2023-05-01 14:53:07','2023-05-01 14:53:07'),(311,'Wallet-transaction','created','App\\Models\\WalletTransaction','created',75,NULL,NULL,'{\"attributes\": {\"status\": \"SUCCESSFUL\"}}',NULL,'2023-05-01 14:53:07','2023-05-01 14:53:07'),(312,'Wallet-transaction','created','App\\Models\\WalletTransaction','created',76,NULL,NULL,'{\"attributes\": {\"status\": \"SUCCESSFUL\"}}',NULL,'2023-05-01 14:53:07','2023-05-01 14:53:07'),(313,'Wallet-transaction','created','App\\Models\\WalletTransaction','created',77,NULL,NULL,'{\"attributes\": {\"status\": \"SUCCESSFUL\"}}',NULL,'2023-05-01 14:53:07','2023-05-01 14:53:07'),(314,'Wallet-transaction','created','App\\Models\\WalletTransaction','created',78,NULL,NULL,'{\"attributes\": {\"status\": \"SUCCESSFUL\"}}',NULL,'2023-05-01 14:53:07','2023-05-01 14:53:07'),(315,'Wallet-transaction','created','App\\Models\\WalletTransaction','created',79,NULL,NULL,'{\"attributes\": {\"status\": \"SUCCESSFUL\"}}',NULL,'2023-05-01 14:53:07','2023-05-01 14:53:07'),(316,'Wallet-transaction','created','App\\Models\\WalletTransaction','created',80,NULL,NULL,'{\"attributes\": {\"status\": \"SUCCESSFUL\"}}',NULL,'2023-05-01 14:53:07','2023-05-01 14:53:07'),(317,'Wallet-transaction','created','App\\Models\\WalletTransaction','created',81,NULL,NULL,'{\"attributes\": {\"status\": \"SUCCESSFUL\"}}',NULL,'2023-05-01 14:53:07','2023-05-01 14:53:07'),(318,'Wallet-transaction','created','App\\Models\\WalletTransaction','created',82,NULL,NULL,'{\"attributes\": {\"status\": \"SUCCESSFUL\"}}',NULL,'2023-05-01 14:53:07','2023-05-01 14:53:07'),(319,'Wallet-transaction','created','App\\Models\\WalletTransaction','created',83,NULL,NULL,'{\"attributes\": {\"status\": \"SUCCESSFUL\"}}',NULL,'2023-05-01 14:53:07','2023-05-01 14:53:07'),(320,'Wallet-transaction','created','App\\Models\\WalletTransaction','created',84,NULL,NULL,'{\"attributes\": {\"status\": \"SUCCESSFUL\"}}',NULL,'2023-05-01 14:53:07','2023-05-01 14:53:07'),(321,'Wallet-transaction','created','App\\Models\\WalletTransaction','created',85,NULL,NULL,'{\"attributes\": {\"status\": \"SUCCESSFUL\"}}',NULL,'2023-05-01 14:53:07','2023-05-01 14:53:07'),(322,'Wallet-transaction','created','App\\Models\\WalletTransaction','created',86,NULL,NULL,'{\"attributes\": {\"status\": \"SUCCESSFUL\"}}',NULL,'2023-05-01 14:53:07','2023-05-01 14:53:07'),(323,'Wallet-transaction','created','App\\Models\\WalletTransaction','created',87,NULL,NULL,'{\"attributes\": {\"status\": \"SUCCESSFUL\"}}',NULL,'2023-05-01 14:53:07','2023-05-01 14:53:07'),(324,'Wallet-transaction','created','App\\Models\\WalletTransaction','created',88,NULL,NULL,'{\"attributes\": {\"status\": \"SUCCESSFUL\"}}',NULL,'2023-05-01 14:53:07','2023-05-01 14:53:07'),(325,'Wallet-transaction','created','App\\Models\\WalletTransaction','created',89,NULL,NULL,'{\"attributes\": {\"status\": \"SUCCESSFUL\"}}',NULL,'2023-05-01 14:53:07','2023-05-01 14:53:07'),(326,'Wallet-transaction','created','App\\Models\\WalletTransaction','created',90,NULL,NULL,'{\"attributes\": {\"status\": \"SUCCESSFUL\"}}',NULL,'2023-05-01 14:53:07','2023-05-01 14:53:07'),(327,'Wallet-transaction','created','App\\Models\\WalletTransaction','created',91,NULL,NULL,'{\"attributes\": {\"status\": \"SUCCESSFUL\"}}',NULL,'2023-05-01 14:53:07','2023-05-01 14:53:07'),(328,'Wallet-transaction','created','App\\Models\\WalletTransaction','created',92,NULL,NULL,'{\"attributes\": {\"status\": \"SUCCESSFUL\"}}',NULL,'2023-05-01 14:53:07','2023-05-01 14:53:07'),(329,'Wallet-transaction','created','App\\Models\\WalletTransaction','created',93,NULL,NULL,'{\"attributes\": {\"status\": \"SUCCESSFUL\"}}',NULL,'2023-05-01 14:53:07','2023-05-01 14:53:07'),(330,'Wallet-transaction','created','App\\Models\\WalletTransaction','created',94,NULL,NULL,'{\"attributes\": {\"status\": \"SUCCESSFUL\"}}',NULL,'2023-05-01 14:53:07','2023-05-01 14:53:07'),(331,'Wallet-transaction','created','App\\Models\\WalletTransaction','created',95,NULL,NULL,'{\"attributes\": {\"status\": \"SUCCESSFUL\"}}',NULL,'2023-05-01 14:53:07','2023-05-01 14:53:07'),(332,'Wallet-transaction','created','App\\Models\\WalletTransaction','created',96,NULL,NULL,'{\"attributes\": {\"status\": \"SUCCESSFUL\"}}',NULL,'2023-05-01 14:53:07','2023-05-01 14:53:07'),(333,'Wallet-transaction','created','App\\Models\\WalletTransaction','created',97,NULL,NULL,'{\"attributes\": {\"status\": \"SUCCESSFUL\"}}',NULL,'2023-05-01 14:53:07','2023-05-01 14:53:07'),(334,'Wallet-transaction','created','App\\Models\\WalletTransaction','created',98,NULL,NULL,'{\"attributes\": {\"status\": \"SUCCESSFUL\"}}',NULL,'2023-05-01 14:53:07','2023-05-01 14:53:07'),(335,'Wallet-transaction','created','App\\Models\\WalletTransaction','created',99,NULL,NULL,'{\"attributes\": {\"status\": \"SUCCESSFUL\"}}',NULL,'2023-05-01 14:53:07','2023-05-01 14:53:07'),(336,'Wallet-transaction','created','App\\Models\\WalletTransaction','created',100,NULL,NULL,'{\"attributes\": {\"status\": \"SUCCESSFUL\"}}',NULL,'2023-05-01 14:53:07','2023-05-01 14:53:07'),(337,'Wallet-transaction','created','App\\Models\\WalletTransaction','created',101,NULL,NULL,'{\"attributes\": {\"status\": \"SUCCESSFUL\"}}',NULL,'2023-05-01 14:53:07','2023-05-01 14:53:07'),(338,'Wallet-transaction','created','App\\Models\\WalletTransaction','created',102,NULL,NULL,'{\"attributes\": {\"status\": \"SUCCESSFUL\"}}',NULL,'2023-05-01 14:53:07','2023-05-01 14:53:07'),(339,'Wallet-transaction','created','App\\Models\\WalletTransaction','created',103,NULL,NULL,'{\"attributes\": {\"status\": \"SUCCESSFUL\"}}',NULL,'2023-05-01 14:53:07','2023-05-01 14:53:07'),(340,'Wallet-transaction','created','App\\Models\\WalletTransaction','created',104,NULL,NULL,'{\"attributes\": {\"status\": \"SUCCESSFUL\"}}',NULL,'2023-05-01 14:53:07','2023-05-01 14:53:07'),(341,'Wallet-transaction','created','App\\Models\\WalletTransaction','created',105,NULL,NULL,'{\"attributes\": {\"status\": \"SUCCESSFUL\"}}',NULL,'2023-05-01 14:53:07','2023-05-01 14:53:07'),(342,'Wallet-transaction','created','App\\Models\\WalletTransaction','created',106,NULL,NULL,'{\"attributes\": {\"status\": \"SUCCESSFUL\"}}',NULL,'2023-05-01 14:53:07','2023-05-01 14:53:07'),(343,'Wallet-transaction','created','App\\Models\\WalletTransaction','created',107,NULL,NULL,'{\"attributes\": {\"status\": \"SUCCESSFUL\"}}',NULL,'2023-05-01 14:53:07','2023-05-01 14:53:07'),(344,'Wallet-transaction','created','App\\Models\\WalletTransaction','created',108,NULL,NULL,'{\"attributes\": {\"status\": \"SUCCESSFUL\"}}',NULL,'2023-05-01 14:53:07','2023-05-01 14:53:07'),(345,'Wallet-transaction','created','App\\Models\\WalletTransaction','created',109,NULL,NULL,'{\"attributes\": {\"status\": \"SUCCESSFUL\"}}',NULL,'2023-05-01 14:53:07','2023-05-01 14:53:07'),(346,'Wallet-transaction','created','App\\Models\\WalletTransaction','created',110,NULL,NULL,'{\"attributes\": {\"status\": \"SUCCESSFUL\"}}',NULL,'2023-05-01 14:53:07','2023-05-01 14:53:07'),(347,'Wallet-transaction','created','App\\Models\\WalletTransaction','created',111,NULL,NULL,'{\"attributes\": {\"status\": \"SUCCESSFUL\"}}',NULL,'2023-05-01 14:53:07','2023-05-01 14:53:07'),(348,'Wallet-transaction','created','App\\Models\\WalletTransaction','created',112,NULL,NULL,'{\"attributes\": {\"status\": \"SUCCESSFUL\"}}',NULL,'2023-05-01 14:53:07','2023-05-01 14:53:07'),(349,'Wallet-transaction','created','App\\Models\\WalletTransaction','created',113,NULL,NULL,'{\"attributes\": {\"status\": \"SUCCESSFUL\"}}',NULL,'2023-05-01 14:53:07','2023-05-01 14:53:07'),(350,'Wallet-transaction','created','App\\Models\\WalletTransaction','created',114,NULL,NULL,'{\"attributes\": {\"status\": \"SUCCESSFUL\"}}',NULL,'2023-05-01 14:53:07','2023-05-01 14:53:07'),(351,'Wallet-transaction','created','App\\Models\\WalletTransaction','created',115,NULL,NULL,'{\"attributes\": {\"status\": \"SUCCESSFUL\"}}',NULL,'2023-05-01 14:53:07','2023-05-01 14:53:07'),(352,'Wallet-transaction','created','App\\Models\\WalletTransaction','created',116,NULL,NULL,'{\"attributes\": {\"status\": \"SUCCESSFUL\"}}',NULL,'2023-05-01 14:53:07','2023-05-01 14:53:07'),(353,'Wallet-transaction','created','App\\Models\\WalletTransaction','created',117,NULL,NULL,'{\"attributes\": {\"status\": \"SUCCESSFUL\"}}',NULL,'2023-05-01 14:53:07','2023-05-01 14:53:07'),(354,'Wallet-transaction','created','App\\Models\\WalletTransaction','created',118,NULL,NULL,'{\"attributes\": {\"status\": \"SUCCESSFUL\"}}',NULL,'2023-05-01 14:53:07','2023-05-01 14:53:07'),(355,'Wallet-transaction','created','App\\Models\\WalletTransaction','created',119,NULL,NULL,'{\"attributes\": {\"status\": \"SUCCESSFUL\"}}',NULL,'2023-05-01 14:53:07','2023-05-01 14:53:07'),(356,'Wallet-transaction','created','App\\Models\\WalletTransaction','created',120,NULL,NULL,'{\"attributes\": {\"status\": \"SUCCESSFUL\"}}',NULL,'2023-05-01 14:53:07','2023-05-01 14:53:07'),(357,'Wallet-transaction','created','App\\Models\\WalletTransaction','created',121,NULL,NULL,'{\"attributes\": {\"status\": \"SUCCESSFUL\"}}',NULL,'2023-05-01 14:53:07','2023-05-01 14:53:07'),(358,'Wallet-transaction','created','App\\Models\\WalletTransaction','created',122,NULL,NULL,'{\"attributes\": {\"status\": \"SUCCESSFUL\"}}',NULL,'2023-05-01 14:53:07','2023-05-01 14:53:07'),(359,'Wallet-transaction','created','App\\Models\\WalletTransaction','created',123,NULL,NULL,'{\"attributes\": {\"status\": \"SUCCESSFUL\"}}',NULL,'2023-05-01 14:53:07','2023-05-01 14:53:07'),(360,'Wallet-transaction','created','App\\Models\\WalletTransaction','created',124,NULL,NULL,'{\"attributes\": {\"status\": \"SUCCESSFUL\"}}',NULL,'2023-05-01 14:53:07','2023-05-01 14:53:07'),(361,'Wallet-transaction','created','App\\Models\\WalletTransaction','created',125,NULL,NULL,'{\"attributes\": {\"status\": \"SUCCESSFUL\"}}',NULL,'2023-05-01 14:53:07','2023-05-01 14:53:07'),(362,'Wallet-transaction','created','App\\Models\\WalletTransaction','created',126,NULL,NULL,'{\"attributes\": {\"status\": \"SUCCESSFUL\"}}',NULL,'2023-05-01 14:53:07','2023-05-01 14:53:07'),(363,'Wallet-transaction','created','App\\Models\\WalletTransaction','created',127,NULL,NULL,'{\"attributes\": {\"status\": \"SUCCESSFUL\"}}',NULL,'2023-05-01 14:53:07','2023-05-01 14:53:07'),(364,'Wallet-transaction','created','App\\Models\\WalletTransaction','created',128,NULL,NULL,'{\"attributes\": {\"status\": \"SUCCESSFUL\"}}',NULL,'2023-05-01 14:53:07','2023-05-01 14:53:07'),(365,'Wallet-transaction','created','App\\Models\\WalletTransaction','created',129,NULL,NULL,'{\"attributes\": {\"status\": \"SUCCESSFUL\"}}',NULL,'2023-05-01 14:53:07','2023-05-01 14:53:07'),(366,'Wallet-transaction','created','App\\Models\\WalletTransaction','created',130,NULL,NULL,'{\"attributes\": {\"status\": \"SUCCESSFUL\"}}',NULL,'2023-05-01 14:53:07','2023-05-01 14:53:07'),(367,'Wallet-transaction','created','App\\Models\\WalletTransaction','created',131,NULL,NULL,'{\"attributes\": {\"status\": \"SUCCESSFUL\"}}',NULL,'2023-05-01 14:53:07','2023-05-01 14:53:07'),(368,'Wallet-transaction','created','App\\Models\\WalletTransaction','created',132,NULL,NULL,'{\"attributes\": {\"status\": \"SUCCESSFUL\"}}',NULL,'2023-05-01 14:53:07','2023-05-01 14:53:07'),(369,'Wallet-transaction','created','App\\Models\\WalletTransaction','created',133,NULL,NULL,'{\"attributes\": {\"status\": \"SUCCESSFUL\"}}',NULL,'2023-05-01 14:53:07','2023-05-01 14:53:07'),(370,'Wallet-transaction','created','App\\Models\\WalletTransaction','created',134,NULL,NULL,'{\"attributes\": {\"status\": \"SUCCESSFUL\"}}',NULL,'2023-05-01 14:53:07','2023-05-01 14:53:07'),(371,'Wallet-transaction','created','App\\Models\\WalletTransaction','created',135,NULL,NULL,'{\"attributes\": {\"status\": \"SUCCESSFUL\"}}',NULL,'2023-05-01 14:53:07','2023-05-01 14:53:07'),(372,'Wallet-transaction','created','App\\Models\\WalletTransaction','created',136,NULL,NULL,'{\"attributes\": {\"status\": \"SUCCESSFUL\"}}',NULL,'2023-05-01 14:53:07','2023-05-01 14:53:07'),(373,'Wallet-transaction','created','App\\Models\\WalletTransaction','created',137,NULL,NULL,'{\"attributes\": {\"status\": \"SUCCESSFUL\"}}',NULL,'2023-05-01 14:53:07','2023-05-01 14:53:07'),(374,'Wallet-transaction','created','App\\Models\\WalletTransaction','created',138,NULL,NULL,'{\"attributes\": {\"status\": \"SUCCESSFUL\"}}',NULL,'2023-05-01 14:53:07','2023-05-01 14:53:07'),(375,'Wallet-transaction','created','App\\Models\\WalletTransaction','created',139,NULL,NULL,'{\"attributes\": {\"status\": \"SUCCESSFUL\"}}',NULL,'2023-05-01 14:53:07','2023-05-01 14:53:07'),(376,'Wallet-transaction','created','App\\Models\\WalletTransaction','created',140,NULL,NULL,'{\"attributes\": {\"status\": \"SUCCESSFUL\"}}',NULL,'2023-05-01 14:53:07','2023-05-01 14:53:07'),(377,'Wallet-transaction','created','App\\Models\\WalletTransaction','created',141,NULL,NULL,'{\"attributes\": {\"status\": \"SUCCESSFUL\"}}',NULL,'2023-05-01 14:53:07','2023-05-01 14:53:07'),(378,'Wallet-transaction','created','App\\Models\\WalletTransaction','created',142,NULL,NULL,'{\"attributes\": {\"status\": \"SUCCESSFUL\"}}',NULL,'2023-05-01 14:53:07','2023-05-01 14:53:07'),(379,'Wallet-transaction','created','App\\Models\\WalletTransaction','created',143,NULL,NULL,'{\"attributes\": {\"status\": \"SUCCESSFUL\"}}',NULL,'2023-05-01 14:53:07','2023-05-01 14:53:07'),(380,'Wallet-transaction','created','App\\Models\\WalletTransaction','created',144,NULL,NULL,'{\"attributes\": {\"status\": \"SUCCESSFUL\"}}',NULL,'2023-05-01 14:53:07','2023-05-01 14:53:07'),(381,'Wallet-transaction','created','App\\Models\\WalletTransaction','created',145,NULL,NULL,'{\"attributes\": {\"status\": \"SUCCESSFUL\"}}',NULL,'2023-05-01 14:53:07','2023-05-01 14:53:07'),(382,'Wallet-transaction','created','App\\Models\\WalletTransaction','created',146,NULL,NULL,'{\"attributes\": {\"status\": \"SUCCESSFUL\"}}',NULL,'2023-05-01 14:53:07','2023-05-01 14:53:07'),(383,'Wallet-transaction','created','App\\Models\\WalletTransaction','created',147,NULL,NULL,'{\"attributes\": {\"status\": \"SUCCESSFUL\"}}',NULL,'2023-05-01 14:53:07','2023-05-01 14:53:07'),(384,'Wallet-transaction','created','App\\Models\\WalletTransaction','created',148,NULL,NULL,'{\"attributes\": {\"status\": \"SUCCESSFUL\"}}',NULL,'2023-05-01 14:53:07','2023-05-01 14:53:07'),(385,'Wallet-transaction','created','App\\Models\\WalletTransaction','created',149,NULL,NULL,'{\"attributes\": {\"status\": \"SUCCESSFUL\"}}',NULL,'2023-05-01 14:53:07','2023-05-01 14:53:07'),(386,'Wallet-transaction','created','App\\Models\\WalletTransaction','created',150,NULL,NULL,'{\"attributes\": {\"status\": \"SUCCESSFUL\"}}',NULL,'2023-05-01 14:53:07','2023-05-01 14:53:07'),(387,'Wallet-transaction','created','App\\Models\\WalletTransaction','created',151,NULL,NULL,'{\"attributes\": {\"status\": \"SUCCESSFUL\"}}',NULL,'2023-05-01 14:53:07','2023-05-01 14:53:07'),(388,'Wallet-transaction','created','App\\Models\\WalletTransaction','created',152,NULL,NULL,'{\"attributes\": {\"status\": \"SUCCESSFUL\"}}',NULL,'2023-05-01 14:53:07','2023-05-01 14:53:07'),(389,'Wallet-transaction','created','App\\Models\\WalletTransaction','created',153,NULL,NULL,'{\"attributes\": {\"status\": \"SUCCESSFUL\"}}',NULL,'2023-05-01 14:53:07','2023-05-01 14:53:07'),(390,'Wallet-transaction','created','App\\Models\\WalletTransaction','created',154,NULL,NULL,'{\"attributes\": {\"status\": \"SUCCESSFUL\"}}',NULL,'2023-05-01 14:53:07','2023-05-01 14:53:07'),(391,'Wallet-transaction','created','App\\Models\\WalletTransaction','created',155,NULL,NULL,'{\"attributes\": {\"status\": \"SUCCESSFUL\"}}',NULL,'2023-05-01 14:53:07','2023-05-01 14:53:07'),(392,'Wallet-transaction','created','App\\Models\\WalletTransaction','created',156,NULL,NULL,'{\"attributes\": {\"status\": \"SUCCESSFUL\"}}',NULL,'2023-05-01 14:53:07','2023-05-01 14:53:07'),(393,'Users','updated','App\\Models\\User','updated',1,'App\\Models\\User',1,'{\"old\": [], \"attributes\": []}',NULL,'2023-05-01 14:56:47','2023-05-01 14:56:47'),(394,'User','login','App\\Models\\User',NULL,1,'App\\Models\\User',1,'{\"attributes\": {\"name\": \"Teqtms Admin\", \"email\": \"admin@teqtms.com\"}}',NULL,'2023-05-01 14:56:47','2023-05-01 14:56:47'),(395,'Users','updated','App\\Models\\User','updated',19,'App\\Models\\User',1,'{\"old\": [], \"attributes\": []}',NULL,'2023-05-01 15:09:19','2023-05-01 15:09:19'),(396,'Users','updated','App\\Models\\User','updated',19,'App\\Models\\User',1,'{\"old\": [], \"attributes\": []}',NULL,'2023-05-01 15:09:20','2023-05-01 15:09:20'),(397,'Wallet','updated','App\\Models\\Wallet','updated',19,'App\\Models\\User',1,'{\"old\": {\"status\": \"ACTIVE\", \"account_number\": \"3018929680\"}, \"attributes\": {\"status\": \"SUSPENDED\", \"account_number\": \"3018929680\"}}',NULL,'2023-05-01 15:09:53','2023-05-01 15:09:53'),(398,'Wallet','updated','App\\Models\\Wallet','updated',19,'App\\Models\\User',1,'{\"old\": {\"status\": \"SUSPENDED\", \"account_number\": \"3018929680\"}, \"attributes\": {\"status\": \"ACTIVE\", \"account_number\": \"3018929680\"}}',NULL,'2023-05-01 15:09:54','2023-05-01 15:09:54'),(399,'Service','updated','App\\Models\\Service','updated',3,'App\\Models\\User',1,'{\"old\": {\"name\": \"AIRTIME\", \"provider\": null, \"description\": null}, \"attributes\": {\"name\": \"AIRTIME\", \"provider\": null, \"description\": null}}',NULL,'2023-05-02 19:58:09','2023-05-02 19:58:09'),(400,'Service','updated','App\\Models\\Service','updated',3,'App\\Models\\User',1,'{\"old\": {\"name\": \"AIRTIME\", \"provider\": null, \"description\": null}, \"attributes\": {\"name\": \"AIRTIME\", \"provider\": null, \"description\": null}}',NULL,'2023-05-02 19:58:11','2023-05-02 19:58:11'),(401,'Users','updated','App\\Models\\User','updated',14,'App\\Models\\User',1,'{\"old\": [], \"attributes\": []}',NULL,'2023-05-02 20:03:41','2023-05-02 20:03:41'),(402,'Users','updated','App\\Models\\User','updated',14,'App\\Models\\User',1,'{\"old\": [], \"attributes\": []}',NULL,'2023-05-02 20:03:44','2023-05-02 20:03:44'),(403,'KycLevel','updated','App\\Models\\KycLevel','updated',1,'App\\Models\\User',1,'{\"old\": {\"name\": \"SILVER\", \"daily_limit\": 100000}, \"attributes\": {\"name\": \"SILVER\", \"daily_limit\": 100000}}',NULL,'2023-05-02 21:30:49','2023-05-02 21:30:49'),(404,'KycLevel','created','App\\Models\\KycLevel','created',5,'App\\Models\\User',1,'{\"attributes\": {\"name\": \"PLATINUM\", \"daily_limit\": 750000}}',NULL,'2023-05-02 21:33:23','2023-05-02 21:33:23'),(405,'KycLevel','updated','App\\Models\\KycLevel','updated',1,'App\\Models\\User',1,'{\"old\": {\"name\": \"SILVER\", \"daily_limit\": 100000}, \"attributes\": {\"name\": \"SILVER\", \"daily_limit\": 100000}}',NULL,'2023-05-02 22:05:26','2023-05-02 22:05:26'),(406,'KycLevel','updated','App\\Models\\KycLevel','updated',1,'App\\Models\\User',1,'{\"old\": {\"name\": \"SILVER\", \"daily_limit\": 100000}, \"attributes\": {\"name\": \"SILVER\", \"daily_limit\": 100000}}',NULL,'2023-05-02 22:10:29','2023-05-02 22:10:29'),(407,'KycLevel','updated','App\\Models\\KycLevel','updated',5,'App\\Models\\User',1,'{\"old\": {\"name\": \"PLATINUM\", \"daily_limit\": 750000}, \"attributes\": {\"name\": \"PLATINUM\", \"daily_limit\": 750000}}',NULL,'2023-05-03 12:17:20','2023-05-03 12:17:20'),(408,'KycLevel','updated','App\\Models\\KycLevel','updated',1,'App\\Models\\User',1,'{\"old\": {\"name\": \"SILVER\", \"daily_limit\": 100000}, \"attributes\": {\"name\": \"SILVER\", \"daily_limit\": 120000}}',NULL,'2023-05-03 12:54:47','2023-05-03 12:54:47'),(409,'KycLevel','updated','App\\Models\\KycLevel','updated',1,'App\\Models\\User',1,'{\"old\": {\"name\": \"SILVER\", \"daily_limit\": 120000}, \"attributes\": {\"name\": \"SILVER\", \"daily_limit\": 100000}}',NULL,'2023-05-03 12:59:07','2023-05-03 12:59:07'),(410,'Wallet','updated','App\\Models\\Wallet','updated',17,'App\\Models\\User',1,'{\"old\": {\"status\": \"ACTIVE\", \"account_number\": \"3021540382\"}, \"attributes\": {\"status\": \"SUSPENDED\", \"account_number\": \"3021540382\"}}',NULL,'2023-05-13 07:15:39','2023-05-13 07:15:39'),(411,'Service','updated','App\\Models\\Service','updated',3,'App\\Models\\User',1,'{\"old\": {\"name\": \"AIRTIME\", \"provider\": null, \"description\": null}, \"attributes\": {\"name\": \"AIRTIME\", \"provider\": null, \"description\": null}}',NULL,'2023-05-13 07:27:19','2023-05-13 07:27:19'),(412,'Service','updated','App\\Models\\Service','updated',3,'App\\Models\\User',1,'{\"old\": {\"name\": \"AIRTIME\", \"provider\": null, \"description\": null}, \"attributes\": {\"name\": \"AIRTIME\", \"provider\": null, \"description\": null}}',NULL,'2023-05-13 07:27:52','2023-05-13 07:27:52'),(413,'Users','updated','App\\Models\\User','updated',2,'App\\Models\\User',1,'{\"old\": [], \"attributes\": []}',NULL,'2023-05-13 11:14:39','2023-05-13 11:14:39'),(414,'Service','updated','App\\Models\\Service','updated',3,'App\\Models\\User',1,'{\"old\": {\"name\": \"AIRTIME\", \"provider\": null, \"description\": null}, \"attributes\": {\"name\": \"AIRTIME\", \"provider\": null, \"description\": \"This service is for airtime recharge.\"}}',NULL,'2023-05-14 05:53:59','2023-05-14 05:53:59'),(415,'Service','updated','App\\Models\\Service','updated',6,'App\\Models\\User',1,'{\"old\": {\"name\": \"BANK TRANSFER\", \"provider\": null, \"description\": null}, \"attributes\": {\"name\": \"BANK TRANSFER\", \"provider\": null, \"description\": null}}',NULL,'2023-05-14 06:44:32','2023-05-14 06:44:32'),(416,'Service','updated','App\\Models\\Service','updated',3,'App\\Models\\User',1,'{\"old\": {\"name\": \"AIRTIME\", \"provider\": null, \"description\": \"This service is for airtime recharge.\"}, \"attributes\": {\"name\": \"AIRTIME\", \"provider\": null, \"description\": \"This service is for airtime recharge.\"}}',NULL,'2023-05-14 06:44:36','2023-05-14 06:44:36'),(417,'Service','updated','App\\Models\\Service','updated',3,'App\\Models\\User',1,'{\"old\": {\"name\": \"AIRTIME\", \"provider\": null, \"description\": \"This service is for airtime recharge.\"}, \"attributes\": {\"name\": \"AIRTIME\", \"provider\": null, \"description\": \"This service is for airtime recharge.\"}}',NULL,'2023-05-14 06:49:57','2023-05-14 06:49:57'),(418,'Service','updated','App\\Models\\Service','updated',3,'App\\Models\\User',1,'{\"old\": {\"name\": \"AIRTIME\", \"provider\": null, \"description\": \"This service is for airtime recharge.\"}, \"attributes\": {\"name\": \"AIRTIME\", \"provider\": null, \"description\": \"This service is for airtime recharge.\"}}',NULL,'2023-05-14 07:53:36','2023-05-14 07:53:36'),(419,'Service','updated','App\\Models\\Service','updated',3,'App\\Models\\User',1,'{\"old\": {\"name\": \"AIRTIME\", \"provider\": null, \"description\": \"This service is for airtime recharge.\"}, \"attributes\": {\"name\": \"AIRTIME\", \"provider\": null, \"description\": \"This service is for airtime recharge.\"}}',NULL,'2023-05-14 09:25:50','2023-05-14 09:25:50'),(420,'Service','updated','App\\Models\\Service','updated',2,'App\\Models\\User',1,'{\"old\": {\"name\": \"CABLE TV\", \"provider\": null, \"description\": null}, \"attributes\": {\"name\": \"CABLE TV\", \"provider\": null, \"description\": null}}',NULL,'2023-05-14 16:07:00','2023-05-14 16:07:00'),(421,'Service','updated','App\\Models\\Service','updated',1,'App\\Models\\User',1,'{\"old\": {\"name\": \"CASHOUT/WITHDRAWAL\", \"provider\": null, \"description\": null}, \"attributes\": {\"name\": \"CASHOUT/WITHDRAWAL\", \"provider\": null, \"description\": null}}',NULL,'2023-05-14 16:22:13','2023-05-14 16:22:13'),(422,'Users','updated','App\\Models\\User','updated',10,'App\\Models\\User',1,'{\"old\": [], \"attributes\": []}',NULL,'2023-05-15 05:33:43','2023-05-15 05:33:43'),(423,'Users','updated','App\\Models\\User','updated',10,'App\\Models\\User',1,'{\"old\": [], \"attributes\": []}',NULL,'2023-05-15 05:33:46','2023-05-15 05:33:46'),(424,'Service','updated','App\\Models\\Service','updated',2,'App\\Models\\User',1,'{\"old\": {\"name\": \"CABLE TV\", \"provider\": null, \"description\": null}, \"attributes\": {\"name\": \"CABLE TV\", \"provider\": null, \"description\": null}}',NULL,'2023-05-15 07:11:07','2023-05-15 07:11:07'),(425,'Service','updated','App\\Models\\Service','updated',2,'App\\Models\\User',1,'{\"old\": {\"name\": \"CABLE TV\", \"provider\": null, \"description\": null}, \"attributes\": {\"name\": \"CABLE TV\", \"provider\": null, \"description\": null}}',NULL,'2023-05-15 07:11:15','2023-05-15 07:11:15'),(426,'Users','updated','App\\Models\\User','updated',26,'App\\Models\\User',1,'{\"old\": [], \"attributes\": []}',NULL,'2023-05-15 07:14:17','2023-05-15 07:14:17'),(427,'User','Logged Out','App\\Models\\User',NULL,1,'App\\Models\\User',1,'{\"attributes\": {\"name\": \"Teqtms Admin\", \"email\": \"admin@teqtms.com\"}}',NULL,'2023-05-15 17:10:36','2023-05-15 17:10:36'),(428,'Users','updated','App\\Models\\User','updated',1,'App\\Models\\User',1,'{\"old\": [], \"attributes\": []}',NULL,'2023-05-15 17:10:36','2023-05-15 17:10:36'),(429,'User','login','App\\Models\\User',NULL,1,'App\\Models\\User',1,'{\"attributes\": {\"name\": \"Teqtms Admin\", \"email\": \"admin@teqtms.com\"}}',NULL,'2023-05-15 17:12:57','2023-05-15 17:12:57');
/*!40000 ALTER TABLE `activity_log` ENABLE KEYS */;
UNLOCK TABLES;

--
-- Table structure for table `approvals`
--

DROP TABLE IF EXISTS `approvals`;
/*!40101 SET @saved_cs_client     = @@character_set_client */;
/*!50503 SET character_set_client = utf8mb4 */;
CREATE TABLE `approvals` (
  `id` bigint unsigned NOT NULL AUTO_INCREMENT,
  `approvalable_type` varchar(255) COLLATE utf8mb4_unicode_ci DEFAULT NULL,
  `approvalable_id` bigint unsigned DEFAULT NULL,
  `state` enum('pending','approved','rejected') COLLATE utf8mb4_unicode_ci NOT NULL DEFAULT 'pending',
  `new_data` json DEFAULT NULL,
  `original_data` json DEFAULT NULL,
  `created_at` timestamp NULL DEFAULT NULL,
  `updated_at` timestamp NULL DEFAULT NULL,
  `performed_by` int unsigned NOT NULL,
  PRIMARY KEY (`id`),
  KEY `approvals_approvalable_type_approvalable_id_index` (`approvalable_type`,`approvalable_id`)
) ENGINE=InnoDB AUTO_INCREMENT=69 DEFAULT CHARSET=utf8mb4 COLLATE=utf8mb4_unicode_ci;
/*!40101 SET character_set_client = @saved_cs_client */;

--
-- Dumping data for table `approvals`
--

LOCK TABLES `approvals` WRITE;
/*!40000 ALTER TABLE `approvals` DISABLE KEYS */;
INSERT INTO `approvals` VALUES (28,'App\\Models\\TerminalGroup',NULL,'approved','{\"info\": \"For merchants who want to own terminals directly\", \"name\": \"Sudo Merchants\"}','[]','2023-05-03 12:58:28','2023-05-03 12:59:02',1),(29,'App\\Models\\KycLevel',1,'approved','{\"daily_limit\": \"100000\", \"max_balance\": \"150000\", \"single_trans_max\": \"30000\"}','{\"daily_limit\": 120000, \"max_balance\": 170000, \"single_trans_max\": 45000}','2023-05-03 12:58:52','2023-05-03 12:59:07',1),(30,'App\\Models\\Service',3,'approved','{\"is_available\": false}','{\"is_available\": true}','2023-05-13 07:27:02','2023-05-13 07:27:19',1),(31,'App\\Models\\Service',3,'approved','{\"is_available\": true}','{\"is_available\": false}','2023-05-13 07:27:36','2023-05-13 07:27:52',1),(32,'App\\Models\\TerminalGroup',5,'approved','{\"info\": \"For merchants who want to own terminals directly to work with\"}','{\"info\": \"For merchants who want to own terminals directly\"}','2023-05-13 10:06:57','2023-05-13 10:33:51',1),(33,'App\\Models\\Terminal',13,'approved','{\"mid\": \"v4APZ8rtKzFeY34\"}','{\"mid\": \"v4APZ8rtKzFeYy9\"}','2023-05-13 10:33:31','2023-05-13 10:33:49',1),(34,'App\\Models\\Service',3,'rejected','{\"is_available\": false}','{\"is_available\": true}','2023-05-13 18:57:43','2023-05-13 18:57:52',1),(35,'App\\Models\\Service',3,'approved','{\"description\": \"This service is for airtime recharge.\"}','{\"description\": null}','2023-05-14 05:53:24','2023-05-14 05:53:59',1),(36,'App\\Models\\Service',6,'approved','{\"is_available\": false}','{\"is_available\": true}','2023-05-14 06:24:50','2023-05-14 06:44:32',1),(37,'App\\Models\\Service',3,'approved','{\"is_available\": false}','{\"is_available\": true}','2023-05-14 06:25:17','2023-05-14 06:44:36',1),(38,'App\\Models\\Service',3,'approved','{\"is_available\": false}','{\"is_available\": true}','2023-05-14 06:25:50','2023-05-14 06:44:38',1),(39,'App\\Models\\Service',3,'approved','{\"is_available\": false}','{\"is_available\": true}','2023-05-14 06:26:30','2023-05-14 06:44:40',1),(40,'App\\Models\\Service',3,'approved','{\"is_available\": false}','{\"is_available\": true}','2023-05-14 06:27:07','2023-05-14 06:44:41',1),(41,'App\\Models\\Service',3,'approved','{\"is_available\": false}','{\"is_available\": true}','2023-05-14 06:27:24','2023-05-14 06:44:43',1),(42,'App\\Models\\Service',3,'approved','{\"is_available\": true}','{\"is_available\": false}','2023-05-14 06:46:22','2023-05-14 06:49:57',1),(43,'App\\Models\\Service',3,'approved','{\"is_available\": false}','{\"is_available\": true}','2023-05-14 06:58:34','2023-05-14 07:53:36',1),(44,'App\\Models\\Service',2,'approved','{\"is_available\": false}','{\"is_available\": true}','2023-05-14 07:16:29','2023-05-14 16:07:00',1),(45,'App\\Models\\Service',1,'approved','{\"is_available\": false}','{\"is_available\": true}','2023-05-14 07:16:34','2023-05-14 16:22:13',1),(46,'App\\Models\\Service',3,'approved','{\"is_available\": false}','{\"is_available\": true}','2023-05-14 07:49:35','2023-05-14 16:23:31',1),(47,'App\\Models\\Service',3,'approved','{\"is_available\": false}','{\"is_available\": true}','2023-05-14 07:50:02','2023-05-14 16:28:23',1),(48,'App\\Models\\Service',3,'approved','{\"is_available\": false}','{\"is_available\": true}','2023-05-14 07:50:25','2023-05-14 16:23:42',1),(49,'App\\Models\\Service',3,'approved','{\"is_available\": false}','{\"is_available\": true}','2023-05-14 07:50:56','2023-05-14 16:29:05',1),(50,'App\\Models\\Service',3,'rejected','{\"is_available\": false}','{\"is_available\": true}','2023-05-14 07:51:56','2023-05-14 16:32:11',1),(51,'App\\Models\\Service',3,'approved','{\"is_available\": false}','{\"is_available\": true}','2023-05-14 07:53:30','2023-05-15 05:17:48',1),(52,'App\\Models\\Service',3,'approved','{\"provider_id\": 8}','{\"provider_id\": null}','2023-05-14 09:24:01','2023-05-14 09:25:50',1),(53,'App\\Models\\Service',2,'approved','{\"provider_id\": 5}','{\"provider_id\": null}','2023-05-14 09:24:45','2023-05-15 07:11:07',1),(54,'App\\Models\\Terminal',13,'pending','{\"serial\": \"VCqHDQU3BfTpdO4iOyWd\"}','{\"serial\": \"VCqHDQU3BfTpdO4iOyWf\"}','2023-05-15 05:21:05','2023-05-15 05:21:05',1),(55,'App\\Models\\Service',6,'pending','{\"provider_id\": 18}','{\"provider_id\": null}','2023-05-15 05:22:00','2023-05-15 05:22:00',1),(56,'App\\Models\\Service',2,'approved','{\"provider_id\": 6}','{\"provider_id\": null}','2023-05-15 05:22:14','2023-05-15 07:11:15',1),(57,'App\\Models\\Service',1,'pending','{\"provider_id\": 2}','{\"provider_id\": null}','2023-05-15 05:22:22','2023-05-15 05:22:22',1),(58,'App\\Models\\Service',8,'rejected','{\"provider_id\": 22}','{\"provider_id\": null}','2023-05-15 05:23:05','2023-05-15 07:11:18',1),(59,'App\\Models\\GeneralLedger',1,'pending','{\"balance\": 1430000}','{\"balance\": 0}','2023-05-15 05:23:52','2023-05-15 05:23:52',1),(60,'App\\Models\\Service',6,'pending','{\"is_available\": true}','{\"is_available\": false}','2023-05-15 05:28:03','2023-05-15 05:28:03',1),(61,'App\\Models\\Terminal',13,'pending','{\"status\": \"ACTIVE\"}','{\"status\": \"INACTIVE\"}','2023-05-15 07:06:08','2023-05-15 07:06:08',1),(62,'App\\Models\\Terminal',13,'pending','{\"status\": \"ACTIVE\"}','{\"status\": \"INACTIVE\"}','2023-05-15 07:07:17','2023-05-15 07:07:17',1),(63,'App\\Models\\Terminal',12,'pending','{\"status\": \"ACTIVE\"}','{\"status\": \"INACTIVE\"}','2023-05-15 07:07:23','2023-05-15 07:07:23',1),(64,'App\\Models\\Terminal',9,'pending','{\"status\": \"ACTIVE\"}','{\"status\": \"INACTIVE\"}','2023-05-15 07:07:36','2023-05-15 07:07:36',1),(65,'App\\Models\\Terminal',10,'pending','{\"status\": \"ACTIVE\"}','{\"status\": \"INACTIVE\"}','2023-05-15 07:07:45','2023-05-15 07:07:45',1),(66,'App\\Models\\Terminal',13,'pending','{\"status\": \"ACTIVE\"}','{\"status\": \"INACTIVE\"}','2023-05-15 07:09:09','2023-05-15 07:09:09',1),(67,'App\\Models\\Terminal',13,'pending','{\"status\": \"ACTIVE\"}','{\"status\": \"INACTIVE\"}','2023-05-15 07:14:23','2023-05-15 07:14:23',1),(68,'App\\Models\\Terminal',13,'pending','{\"status\": \"ACTIVE\"}','{\"status\": \"INACTIVE\"}','2023-05-15 07:30:50','2023-05-15 07:30:50',1);
/*!40000 ALTER TABLE `approvals` ENABLE KEYS */;
UNLOCK TABLES;

--
-- Table structure for table `cache`
--

DROP TABLE IF EXISTS `cache`;
/*!40101 SET @saved_cs_client     = @@character_set_client */;
/*!50503 SET character_set_client = utf8mb4 */;
CREATE TABLE `cache` (
  `key` varchar(255) COLLATE utf8mb4_unicode_ci NOT NULL,
  `value` mediumtext COLLATE utf8mb4_unicode_ci NOT NULL,
  `expiration` int NOT NULL,
  PRIMARY KEY (`key`)
) ENGINE=InnoDB DEFAULT CHARSET=utf8mb4 COLLATE=utf8mb4_unicode_ci;
/*!40101 SET character_set_client = @saved_cs_client */;

--
-- Dumping data for table `cache`
--

LOCK TABLES `cache` WRITE;
/*!40000 ALTER TABLE `cache` DISABLE KEYS */;
/*!40000 ALTER TABLE `cache` ENABLE KEYS */;
UNLOCK TABLES;

--
-- Table structure for table `cache_locks`
--

DROP TABLE IF EXISTS `cache_locks`;
/*!40101 SET @saved_cs_client     = @@character_set_client */;
/*!50503 SET character_set_client = utf8mb4 */;
CREATE TABLE `cache_locks` (
  `key` varchar(255) COLLATE utf8mb4_unicode_ci NOT NULL,
  `owner` varchar(255) COLLATE utf8mb4_unicode_ci NOT NULL,
  `expiration` int NOT NULL,
  PRIMARY KEY (`key`)
) ENGINE=InnoDB DEFAULT CHARSET=utf8mb4 COLLATE=utf8mb4_unicode_ci;
/*!40101 SET character_set_client = @saved_cs_client */;

--
-- Dumping data for table `cache_locks`
--

LOCK TABLES `cache_locks` WRITE;
/*!40000 ALTER TABLE `cache_locks` DISABLE KEYS */;
/*!40000 ALTER TABLE `cache_locks` ENABLE KEYS */;
UNLOCK TABLES;

--
-- Table structure for table `configs`
--

DROP TABLE IF EXISTS `configs`;
/*!40101 SET @saved_cs_client     = @@character_set_client */;
/*!50503 SET character_set_client = utf8mb4 */;
CREATE TABLE `configs` (
  `id` bigint unsigned NOT NULL AUTO_INCREMENT,
  `name` varchar(255) COLLATE utf8mb4_unicode_ci NOT NULL,
  `value` varchar(255) COLLATE utf8mb4_unicode_ci DEFAULT NULL,
  `created_at` timestamp NULL DEFAULT NULL,
  `updated_at` timestamp NULL DEFAULT NULL,
  PRIMARY KEY (`id`)
) ENGINE=InnoDB AUTO_INCREMENT=2 DEFAULT CHARSET=utf8mb4 COLLATE=utf8mb4_unicode_ci;
/*!40101 SET character_set_client = @saved_cs_client */;

--
-- Dumping data for table `configs`
--

LOCK TABLES `configs` WRITE;
/*!40000 ALTER TABLE `configs` DISABLE KEYS */;
INSERT INTO `configs` VALUES (1,'DEFAULT_GROUP_ID','1','2023-05-01 14:53:05','2023-05-01 14:53:05');
/*!40000 ALTER TABLE `configs` ENABLE KEYS */;
UNLOCK TABLES;

--
-- Table structure for table `failed_jobs`
--

DROP TABLE IF EXISTS `failed_jobs`;
/*!40101 SET @saved_cs_client     = @@character_set_client */;
/*!50503 SET character_set_client = utf8mb4 */;
CREATE TABLE `failed_jobs` (
  `id` bigint unsigned NOT NULL AUTO_INCREMENT,
  `uuid` varchar(255) COLLATE utf8mb4_unicode_ci NOT NULL,
  `connection` text COLLATE utf8mb4_unicode_ci NOT NULL,
  `queue` text COLLATE utf8mb4_unicode_ci NOT NULL,
  `payload` longtext COLLATE utf8mb4_unicode_ci NOT NULL,
  `exception` longtext COLLATE utf8mb4_unicode_ci NOT NULL,
  `failed_at` timestamp NOT NULL DEFAULT CURRENT_TIMESTAMP,
  PRIMARY KEY (`id`),
  UNIQUE KEY `failed_jobs_uuid_unique` (`uuid`)
) ENGINE=InnoDB DEFAULT CHARSET=utf8mb4 COLLATE=utf8mb4_unicode_ci;
/*!40101 SET character_set_client = @saved_cs_client */;

--
-- Dumping data for table `failed_jobs`
--

LOCK TABLES `failed_jobs` WRITE;
/*!40000 ALTER TABLE `failed_jobs` DISABLE KEYS */;
/*!40000 ALTER TABLE `failed_jobs` ENABLE KEYS */;
UNLOCK TABLES;

--
-- Table structure for table `fees`
--

DROP TABLE IF EXISTS `fees`;
/*!40101 SET @saved_cs_client     = @@character_set_client */;
/*!50503 SET character_set_client = utf8mb4 */;
CREATE TABLE `fees` (
  `id` bigint unsigned NOT NULL AUTO_INCREMENT,
  `group_id` bigint unsigned NOT NULL,
  `service_id` varchar(255) COLLATE utf8mb4_unicode_ci NOT NULL,
  `title` varchar(255) COLLATE utf8mb4_unicode_ci NOT NULL,
  `type` enum('CHARGE','COMMISSION') COLLATE utf8mb4_unicode_ci NOT NULL DEFAULT 'CHARGE',
  `amount` double(12,2) NOT NULL,
  `amount_type` enum('FIXED','PERCENTAGE') COLLATE utf8mb4_unicode_ci NOT NULL DEFAULT 'FIXED',
  `cap` double(8,2) NOT NULL DEFAULT '0.00',
  `info` text COLLATE utf8mb4_unicode_ci,
  `config` json DEFAULT NULL,
  `created_at` timestamp NULL DEFAULT NULL,
  `updated_at` timestamp NULL DEFAULT NULL,
  PRIMARY KEY (`id`),
  UNIQUE KEY `unique_fee` (`group_id`,`service_id`,`title`),
  CONSTRAINT `fees_group_id_foreign` FOREIGN KEY (`group_id`) REFERENCES `terminal_groups` (`id`) ON DELETE CASCADE
) ENGINE=InnoDB AUTO_INCREMENT=10 DEFAULT CHARSET=utf8mb4 COLLATE=utf8mb4_unicode_ci;
/*!40101 SET character_set_client = @saved_cs_client */;

--
-- Dumping data for table `fees`
--

LOCK TABLES `fees` WRITE;
/*!40000 ALTER TABLE `fees` DISABLE KEYS */;
INSERT INTO `fees` VALUES (1,1,'1','CASHOUT/WITHDRAWAL','CHARGE',10.00,'FIXED',0.00,NULL,'[]','2023-05-01 14:53:07','2023-05-01 14:53:07'),(2,1,'2','CABLE TV','CHARGE',10.00,'FIXED',0.00,NULL,'[]','2023-05-01 14:53:07','2023-05-01 14:53:07'),(3,1,'3','AIRTIME','CHARGE',10.00,'FIXED',0.00,NULL,'[]','2023-05-01 14:53:07','2023-05-01 14:53:07'),(4,1,'4','INTERNET DATA','CHARGE',10.00,'FIXED',0.00,NULL,'[]','2023-05-01 14:53:07','2023-05-01 14:53:07'),(5,1,'5','ELECTRICITY','CHARGE',10.00,'FIXED',0.00,NULL,'[]','2023-05-01 14:53:07','2023-05-01 14:53:07'),(6,1,'6','BANK TRANSFER','CHARGE',10.00,'FIXED',0.00,NULL,'{\"0-5000\": 10, \"50001-0\": 30, \"5001-50000\": 21.51}','2023-05-01 14:53:07','2023-05-01 14:53:07'),(7,1,'7','WALLET TRANSFER','CHARGE',10.00,'FIXED',0.00,NULL,'[]','2023-05-01 14:53:07','2023-05-01 14:53:07'),(8,1,'8','FUNDING/INBOUND','CHARGE',10.00,'FIXED',0.00,NULL,'[]','2023-05-01 14:53:07','2023-05-01 14:53:07');
/*!40000 ALTER TABLE `fees` ENABLE KEYS */;
UNLOCK TABLES;

--
-- Table structure for table `g_l_t_s`
--

DROP TABLE IF EXISTS `g_l_t_s`;
/*!40101 SET @saved_cs_client     = @@character_set_client */;
/*!50503 SET character_set_client = utf8mb4 */;
CREATE TABLE `g_l_t_s` (
  `id` bigint unsigned NOT NULL AUTO_INCREMENT,
  `from_user_id` bigint unsigned DEFAULT NULL,
  `gl_id` bigint unsigned DEFAULT NULL,
  `amount` double(12,2) NOT NULL DEFAULT '0.00',
  `prev_balance` double(12,2) NOT NULL DEFAULT '0.00',
  `new_balance` double(12,2) NOT NULL DEFAULT '0.00',
  `type` enum('DEBIT','CREDIT') COLLATE utf8mb4_unicode_ci NOT NULL,
  `info` longtext COLLATE utf8mb4_unicode_ci,
  `created_at` timestamp NULL DEFAULT NULL,
  `updated_at` timestamp NULL DEFAULT NULL,
  PRIMARY KEY (`id`)
) ENGINE=InnoDB AUTO_INCREMENT=206 DEFAULT CHARSET=utf8mb4 COLLATE=utf8mb4_unicode_ci;
/*!40101 SET character_set_client = @saved_cs_client */;

--
-- Dumping data for table `g_l_t_s`
--

LOCK TABLES `g_l_t_s` WRITE;
/*!40000 ALTER TABLE `g_l_t_s` DISABLE KEYS */;
INSERT INTO `g_l_t_s` VALUES (1,NULL,1,41717.00,43740.00,230247.00,'CREDIT','seeded','2023-05-01 14:53:07','2023-05-01 14:53:07'),(2,NULL,1,207.00,55593.00,395746.00,'DEBIT','seeded','2023-05-01 14:53:07','2023-05-01 14:53:07'),(3,NULL,1,71437.00,51849.00,861322.00,'DEBIT','seeded','2023-05-01 14:53:07','2023-05-01 14:53:07'),(4,NULL,1,89268.00,28225.00,10475.00,'DEBIT','seeded','2023-05-01 14:53:07','2023-05-01 14:53:07'),(5,NULL,1,41457.00,17266.00,104295.00,'CREDIT','seeded','2023-05-01 14:53:07','2023-05-01 14:53:07'),(6,NULL,1,67983.00,65912.00,72193.00,'CREDIT','seeded','2023-05-01 14:53:07','2023-05-01 14:53:07'),(7,NULL,1,37531.00,80534.00,861155.00,'DEBIT','seeded','2023-05-01 14:53:07','2023-05-01 14:53:07'),(8,NULL,1,2637.00,22913.00,819051.00,'CREDIT','seeded','2023-05-01 14:53:07','2023-05-01 14:53:07'),(9,NULL,1,58341.00,43404.00,600327.00,'CREDIT','seeded','2023-05-01 14:53:07','2023-05-01 14:53:07'),(10,NULL,1,85402.00,95367.00,500786.00,'DEBIT','seeded','2023-05-01 14:53:07','2023-05-01 14:53:07'),(11,NULL,1,23724.00,79314.00,20034.00,'CREDIT','seeded','2023-05-01 14:53:07','2023-05-01 14:53:07'),(12,NULL,1,22940.00,8941.00,590035.00,'DEBIT','seeded','2023-05-01 14:53:07','2023-05-01 14:53:07'),(13,NULL,1,43722.00,5512.00,957315.00,'DEBIT','seeded','2023-05-01 14:53:07','2023-05-01 14:53:07'),(14,NULL,1,33927.00,87367.00,387014.00,'CREDIT','seeded','2023-05-01 14:53:07','2023-05-01 14:53:07'),(15,NULL,1,59058.00,73513.00,663925.00,'CREDIT','seeded','2023-05-01 14:53:07','2023-05-01 14:53:07'),(16,NULL,1,79776.00,22486.00,383116.00,'CREDIT','seeded','2023-05-01 14:53:07','2023-05-01 14:53:07'),(17,NULL,1,67604.00,21142.00,861503.00,'DEBIT','seeded','2023-05-01 14:53:07','2023-05-01 14:53:07'),(18,NULL,1,74852.00,37976.00,627067.00,'DEBIT','seeded','2023-05-01 14:53:07','2023-05-01 14:53:07'),(19,NULL,1,10110.00,22375.00,185418.00,'CREDIT','seeded','2023-05-01 14:53:07','2023-05-01 14:53:07'),(20,NULL,1,94803.00,55676.00,760936.00,'DEBIT','seeded','2023-05-01 14:53:07','2023-05-01 14:53:07'),(21,NULL,1,18718.00,65318.00,978200.00,'DEBIT','seeded','2023-05-01 14:53:07','2023-05-01 14:53:07'),(22,NULL,1,53454.00,87451.00,70490.00,'CREDIT','seeded','2023-05-01 14:53:07','2023-05-01 14:53:07'),(23,NULL,1,84507.00,62908.00,607515.00,'CREDIT','seeded','2023-05-01 14:53:07','2023-05-01 14:53:07'),(24,NULL,1,98795.00,47602.00,32488.00,'CREDIT','seeded','2023-05-01 14:53:07','2023-05-01 14:53:07'),(25,NULL,1,17966.00,86713.00,907594.00,'DEBIT','seeded','2023-05-01 14:53:07','2023-05-01 14:53:07'),(26,NULL,1,33048.00,36473.00,402179.00,'DEBIT','seeded','2023-05-01 14:53:07','2023-05-01 14:53:07'),(27,NULL,2,77563.00,64627.00,847884.00,'CREDIT','seeded','2023-05-01 14:53:07','2023-05-01 14:53:07'),(28,NULL,2,24779.00,30247.00,674118.00,'CREDIT','seeded','2023-05-01 14:53:07','2023-05-01 14:53:07'),(29,NULL,2,5746.00,69205.00,680075.00,'CREDIT','seeded','2023-05-01 14:53:07','2023-05-01 14:53:07'),(30,NULL,2,90365.00,69173.00,505416.00,'DEBIT','seeded','2023-05-01 14:53:07','2023-05-01 14:53:07'),(31,NULL,2,69035.00,41660.00,771717.00,'DEBIT','seeded','2023-05-01 14:53:07','2023-05-01 14:53:07'),(32,NULL,2,3388.00,90265.00,845387.00,'CREDIT','seeded','2023-05-01 14:53:07','2023-05-01 14:53:07'),(33,NULL,2,77333.00,5246.00,808876.00,'CREDIT','seeded','2023-05-01 14:53:07','2023-05-01 14:53:07'),(34,NULL,2,90036.00,5290.00,728537.00,'DEBIT','seeded','2023-05-01 14:53:07','2023-05-01 14:53:07'),(35,NULL,2,91716.00,97800.00,153345.00,'CREDIT','seeded','2023-05-01 14:53:07','2023-05-01 14:53:07'),(36,NULL,2,16077.00,90066.00,122218.00,'CREDIT','seeded','2023-05-01 14:53:07','2023-05-01 14:53:07'),(37,NULL,2,41053.00,53636.00,331976.00,'DEBIT','seeded','2023-05-01 14:53:07','2023-05-01 14:53:07'),(38,NULL,2,36709.00,3574.00,202027.00,'CREDIT','seeded','2023-05-01 14:53:07','2023-05-01 14:53:07'),(39,NULL,2,14638.00,82049.00,823665.00,'CREDIT','seeded','2023-05-01 14:53:07','2023-05-01 14:53:07'),(40,NULL,2,44132.00,79630.00,614288.00,'DEBIT','seeded','2023-05-01 14:53:07','2023-05-01 14:53:07'),(41,NULL,2,47133.00,61329.00,209164.00,'DEBIT','seeded','2023-05-01 14:53:07','2023-05-01 14:53:07'),(42,NULL,2,51840.00,78515.00,179734.00,'CREDIT','seeded','2023-05-01 14:53:07','2023-05-01 14:53:07'),(43,NULL,2,64421.00,94272.00,183831.00,'CREDIT','seeded','2023-05-01 14:53:07','2023-05-01 14:53:07'),(44,NULL,2,65008.00,17198.00,493347.00,'DEBIT','seeded','2023-05-01 14:53:07','2023-05-01 14:53:07'),(45,NULL,2,65768.00,69918.00,651439.00,'CREDIT','seeded','2023-05-01 14:53:07','2023-05-01 14:53:07'),(46,NULL,2,84527.00,55596.00,984623.00,'DEBIT','seeded','2023-05-01 14:53:07','2023-05-01 14:53:07'),(47,NULL,2,81696.00,23116.00,252949.00,'DEBIT','seeded','2023-05-01 14:53:07','2023-05-01 14:53:07'),(48,NULL,2,95568.00,53165.00,367698.00,'CREDIT','seeded','2023-05-01 14:53:07','2023-05-01 14:53:07'),(49,NULL,2,9278.00,87405.00,281539.00,'DEBIT','seeded','2023-05-01 14:53:07','2023-05-01 14:53:07'),(50,NULL,3,36212.00,76339.00,673864.00,'DEBIT','seeded','2023-05-01 14:53:07','2023-05-01 14:53:07'),(51,NULL,3,3921.00,79843.00,961271.00,'CREDIT','seeded','2023-05-01 14:53:07','2023-05-01 14:53:07'),(52,NULL,3,67129.00,36725.00,698475.00,'DEBIT','seeded','2023-05-01 14:53:07','2023-05-01 14:53:07'),(53,NULL,3,71625.00,40277.00,623640.00,'CREDIT','seeded','2023-05-01 14:53:07','2023-05-01 14:53:07'),(54,NULL,3,98052.00,36767.00,499855.00,'DEBIT','seeded','2023-05-01 14:53:07','2023-05-01 14:53:07'),(55,NULL,3,73369.00,3811.00,322030.00,'DEBIT','seeded','2023-05-01 14:53:07','2023-05-01 14:53:07'),(56,NULL,3,5515.00,13635.00,94123.00,'CREDIT','seeded','2023-05-01 14:53:07','2023-05-01 14:53:07'),(57,NULL,3,49796.00,39108.00,287484.00,'DEBIT','seeded','2023-05-01 14:53:07','2023-05-01 14:53:07'),(58,NULL,3,98222.00,52058.00,260962.00,'DEBIT','seeded','2023-05-01 14:53:07','2023-05-01 14:53:07'),(59,NULL,3,44876.00,23219.00,911575.00,'CREDIT','seeded','2023-05-01 14:53:07','2023-05-01 14:53:07'),(60,NULL,3,36148.00,4068.00,495531.00,'DEBIT','seeded','2023-05-01 14:53:07','2023-05-01 14:53:07'),(61,NULL,3,27537.00,41409.00,995525.00,'DEBIT','seeded','2023-05-01 14:53:07','2023-05-01 14:53:07'),(62,NULL,3,53856.00,80398.00,818888.00,'CREDIT','seeded','2023-05-01 14:53:07','2023-05-01 14:53:07'),(63,NULL,3,71161.00,93545.00,27149.00,'DEBIT','seeded','2023-05-01 14:53:07','2023-05-01 14:53:07'),(64,NULL,3,33770.00,19654.00,544025.00,'DEBIT','seeded','2023-05-01 14:53:07','2023-05-01 14:53:07'),(65,NULL,3,72500.00,7823.00,766344.00,'CREDIT','seeded','2023-05-01 14:53:07','2023-05-01 14:53:07'),(66,NULL,3,63716.00,86546.00,247501.00,'DEBIT','seeded','2023-05-01 14:53:07','2023-05-01 14:53:07'),(67,NULL,3,29601.00,68774.00,43267.00,'DEBIT','seeded','2023-05-01 14:53:07','2023-05-01 14:53:07'),(68,NULL,3,45305.00,19497.00,907571.00,'DEBIT','seeded','2023-05-01 14:53:07','2023-05-01 14:53:07'),(69,NULL,3,9506.00,95287.00,776044.00,'CREDIT','seeded','2023-05-01 14:53:07','2023-05-01 14:53:07'),(70,NULL,4,73590.00,65854.00,899910.00,'CREDIT','seeded','2023-05-01 14:53:07','2023-05-01 14:53:07'),(71,NULL,4,82281.00,45746.00,227050.00,'DEBIT','seeded','2023-05-01 14:53:07','2023-05-01 14:53:07'),(72,NULL,4,62565.00,99171.00,511604.00,'CREDIT','seeded','2023-05-01 14:53:07','2023-05-01 14:53:07'),(73,NULL,4,8016.00,5901.00,344275.00,'DEBIT','seeded','2023-05-01 14:53:07','2023-05-01 14:53:07'),(74,NULL,4,41215.00,62273.00,889347.00,'CREDIT','seeded','2023-05-01 14:53:07','2023-05-01 14:53:07'),(75,NULL,4,87770.00,56662.00,434936.00,'DEBIT','seeded','2023-05-01 14:53:07','2023-05-01 14:53:07'),(76,NULL,4,19417.00,96283.00,483841.00,'CREDIT','seeded','2023-05-01 14:53:07','2023-05-01 14:53:07'),(77,NULL,4,14120.00,38883.00,106541.00,'CREDIT','seeded','2023-05-01 14:53:07','2023-05-01 14:53:07'),(78,NULL,4,27345.00,66617.00,661431.00,'DEBIT','seeded','2023-05-01 14:53:07','2023-05-01 14:53:07'),(79,NULL,4,10386.00,24830.00,159036.00,'CREDIT','seeded','2023-05-01 14:53:07','2023-05-01 14:53:07'),(80,NULL,4,17540.00,30504.00,951954.00,'CREDIT','seeded','2023-05-01 14:53:07','2023-05-01 14:53:07'),(81,NULL,4,95273.00,65422.00,17263.00,'DEBIT','seeded','2023-05-01 14:53:07','2023-05-01 14:53:07'),(82,NULL,4,88598.00,90577.00,426885.00,'CREDIT','seeded','2023-05-01 14:53:07','2023-05-01 14:53:07'),(83,NULL,4,131.00,78076.00,835153.00,'CREDIT','seeded','2023-05-01 14:53:07','2023-05-01 14:53:07'),(84,NULL,4,68699.00,81328.00,961509.00,'DEBIT','seeded','2023-05-01 14:53:07','2023-05-01 14:53:07'),(85,NULL,4,15372.00,35524.00,301838.00,'DEBIT','seeded','2023-05-01 14:53:07','2023-05-01 14:53:07'),(86,NULL,4,96706.00,40152.00,232486.00,'CREDIT','seeded','2023-05-01 14:53:07','2023-05-01 14:53:07'),(87,NULL,4,23218.00,413.00,221521.00,'DEBIT','seeded','2023-05-01 14:53:07','2023-05-01 14:53:07'),(88,NULL,4,61445.00,17900.00,281822.00,'DEBIT','seeded','2023-05-01 14:53:07','2023-05-01 14:53:07'),(89,NULL,4,51768.00,73458.00,538265.00,'CREDIT','seeded','2023-05-01 14:53:07','2023-05-01 14:53:07'),(90,NULL,4,37868.00,55650.00,803411.00,'DEBIT','seeded','2023-05-01 14:53:07','2023-05-01 14:53:07'),(91,NULL,4,37020.00,71101.00,27310.00,'CREDIT','seeded','2023-05-01 14:53:07','2023-05-01 14:53:07'),(92,NULL,4,99448.00,44154.00,271227.00,'DEBIT','seeded','2023-05-01 14:53:07','2023-05-01 14:53:07'),(93,NULL,4,74038.00,4948.00,584621.00,'CREDIT','seeded','2023-05-01 14:53:07','2023-05-01 14:53:07'),(94,NULL,5,46007.00,63379.00,254490.00,'CREDIT','seeded','2023-05-01 14:53:07','2023-05-01 14:53:07'),(95,NULL,5,92026.00,91244.00,568170.00,'CREDIT','seeded','2023-05-01 14:53:07','2023-05-01 14:53:07'),(96,NULL,5,64854.00,72882.00,830896.00,'DEBIT','seeded','2023-05-01 14:53:07','2023-05-01 14:53:07'),(97,NULL,5,61763.00,51531.00,146621.00,'DEBIT','seeded','2023-05-01 14:53:07','2023-05-01 14:53:07'),(98,NULL,5,62793.00,8800.00,138637.00,'DEBIT','seeded','2023-05-01 14:53:07','2023-05-01 14:53:07'),(99,NULL,5,37696.00,9043.00,732922.00,'CREDIT','seeded','2023-05-01 14:53:07','2023-05-01 14:53:07'),(100,NULL,5,19367.00,54692.00,18931.00,'CREDIT','seeded','2023-05-01 14:53:07','2023-05-01 14:53:07'),(101,NULL,5,73340.00,78601.00,929764.00,'DEBIT','seeded','2023-05-01 14:53:07','2023-05-01 14:53:07'),(102,NULL,5,39364.00,92947.00,766403.00,'DEBIT','seeded','2023-05-01 14:53:07','2023-05-01 14:53:07'),(103,NULL,5,71216.00,40354.00,126514.00,'CREDIT','seeded','2023-05-01 14:53:07','2023-05-01 14:53:07'),(104,NULL,5,73036.00,53317.00,346349.00,'DEBIT','seeded','2023-05-01 14:53:07','2023-05-01 14:53:07'),(105,NULL,5,3955.00,76212.00,504491.00,'DEBIT','seeded','2023-05-01 14:53:07','2023-05-01 14:53:07'),(106,NULL,5,49025.00,1397.00,825675.00,'CREDIT','seeded','2023-05-01 14:53:07','2023-05-01 14:53:07'),(107,NULL,5,40975.00,66538.00,799033.00,'DEBIT','seeded','2023-05-01 14:53:07','2023-05-01 14:53:07'),(108,NULL,5,10000.00,51879.00,227400.00,'DEBIT','seeded','2023-05-01 14:53:07','2023-05-01 14:53:07'),(109,NULL,5,45168.00,66672.00,894309.00,'CREDIT','seeded','2023-05-01 14:53:07','2023-05-01 14:53:07'),(110,NULL,5,24107.00,97405.00,990071.00,'DEBIT','seeded','2023-05-01 14:53:07','2023-05-01 14:53:07'),(111,NULL,5,50632.00,2779.00,14844.00,'DEBIT','seeded','2023-05-01 14:53:07','2023-05-01 14:53:07'),(112,NULL,5,69398.00,4402.00,652599.00,'DEBIT','seeded','2023-05-01 14:53:07','2023-05-01 14:53:07'),(113,NULL,5,32168.00,16033.00,401433.00,'CREDIT','seeded','2023-05-01 14:53:07','2023-05-01 14:53:07'),(114,NULL,5,31773.00,2090.00,72283.00,'DEBIT','seeded','2023-05-01 14:53:07','2023-05-01 14:53:07'),(115,NULL,5,73320.00,69462.00,260056.00,'DEBIT','seeded','2023-05-01 14:53:07','2023-05-01 14:53:07'),(116,NULL,5,98781.00,95002.00,795903.00,'DEBIT','seeded','2023-05-01 14:53:07','2023-05-01 14:53:07'),(117,NULL,5,29844.00,88578.00,683171.00,'DEBIT','seeded','2023-05-01 14:53:07','2023-05-01 14:53:07'),(118,NULL,5,51867.00,2318.00,238635.00,'CREDIT','seeded','2023-05-01 14:53:07','2023-05-01 14:53:07'),(119,NULL,6,40002.00,12676.00,362062.00,'CREDIT','seeded','2023-05-01 14:53:07','2023-05-01 14:53:07'),(120,NULL,6,36155.00,34966.00,195210.00,'CREDIT','seeded','2023-05-01 14:53:07','2023-05-01 14:53:07'),(121,NULL,6,60523.00,81221.00,927265.00,'CREDIT','seeded','2023-05-01 14:53:07','2023-05-01 14:53:07'),(122,NULL,6,66906.00,55857.00,279185.00,'DEBIT','seeded','2023-05-01 14:53:07','2023-05-01 14:53:07'),(123,NULL,6,57542.00,36529.00,977746.00,'DEBIT','seeded','2023-05-01 14:53:07','2023-05-01 14:53:07'),(124,NULL,6,45209.00,96208.00,686496.00,'CREDIT','seeded','2023-05-01 14:53:07','2023-05-01 14:53:07'),(125,NULL,6,44887.00,42859.00,660599.00,'DEBIT','seeded','2023-05-01 14:53:07','2023-05-01 14:53:07'),(126,NULL,6,56698.00,19208.00,704747.00,'CREDIT','seeded','2023-05-01 14:53:07','2023-05-01 14:53:07'),(127,NULL,6,51001.00,23487.00,207862.00,'DEBIT','seeded','2023-05-01 14:53:07','2023-05-01 14:53:07'),(128,NULL,6,37318.00,77657.00,470883.00,'DEBIT','seeded','2023-05-01 14:53:07','2023-05-01 14:53:07'),(129,NULL,6,16692.00,33955.00,694711.00,'CREDIT','seeded','2023-05-01 14:53:07','2023-05-01 14:53:07'),(130,NULL,6,39939.00,57259.00,204089.00,'DEBIT','seeded','2023-05-01 14:53:07','2023-05-01 14:53:07'),(131,NULL,6,46634.00,72925.00,812843.00,'DEBIT','seeded','2023-05-01 14:53:07','2023-05-01 14:53:07'),(132,NULL,6,7769.00,89903.00,247487.00,'CREDIT','seeded','2023-05-01 14:53:07','2023-05-01 14:53:07'),(133,NULL,6,53743.00,86106.00,434183.00,'DEBIT','seeded','2023-05-01 14:53:07','2023-05-01 14:53:07'),(134,NULL,6,54990.00,55990.00,733920.00,'CREDIT','seeded','2023-05-01 14:53:07','2023-05-01 14:53:07'),(135,NULL,6,66559.00,89920.00,892617.00,'CREDIT','seeded','2023-05-01 14:53:07','2023-05-01 14:53:07'),(136,NULL,6,48729.00,3469.00,514400.00,'DEBIT','seeded','2023-05-01 14:53:07','2023-05-01 14:53:07'),(137,NULL,6,84063.00,43742.00,499752.00,'DEBIT','seeded','2023-05-01 14:53:07','2023-05-01 14:53:07'),(138,NULL,6,13092.00,92094.00,290021.00,'CREDIT','seeded','2023-05-01 14:53:07','2023-05-01 14:53:07'),(139,NULL,6,54962.00,44230.00,788799.00,'CREDIT','seeded','2023-05-01 14:53:07','2023-05-01 14:53:07'),(140,NULL,6,18566.00,95690.00,475660.00,'CREDIT','seeded','2023-05-01 14:53:07','2023-05-01 14:53:07'),(141,NULL,6,36154.00,81181.00,171729.00,'DEBIT','seeded','2023-05-01 14:53:07','2023-05-01 14:53:07'),(142,NULL,6,39599.00,58136.00,383063.00,'CREDIT','seeded','2023-05-01 14:53:07','2023-05-01 14:53:07'),(143,NULL,6,65148.00,52601.00,502657.00,'DEBIT','seeded','2023-05-01 14:53:07','2023-05-01 14:53:07'),(144,NULL,6,83193.00,39539.00,710701.00,'DEBIT','seeded','2023-05-01 14:53:07','2023-05-01 14:53:07'),(145,NULL,6,37408.00,2336.00,552885.00,'CREDIT','seeded','2023-05-01 14:53:07','2023-05-01 14:53:07'),(146,NULL,6,6150.00,82884.00,532385.00,'CREDIT','seeded','2023-05-01 14:53:07','2023-05-01 14:53:07'),(147,NULL,7,43814.00,52224.00,724922.00,'CREDIT','seeded','2023-05-01 14:53:07','2023-05-01 14:53:07'),(148,NULL,7,37805.00,70159.00,991132.00,'CREDIT','seeded','2023-05-01 14:53:07','2023-05-01 14:53:07'),(149,NULL,7,61937.00,89769.00,88083.00,'DEBIT','seeded','2023-05-01 14:53:07','2023-05-01 14:53:07'),(150,NULL,7,39061.00,49001.00,260098.00,'DEBIT','seeded','2023-05-01 14:53:07','2023-05-01 14:53:07'),(151,NULL,7,85378.00,50910.00,121244.00,'CREDIT','seeded','2023-05-01 14:53:07','2023-05-01 14:53:07'),(152,NULL,7,9690.00,98284.00,729099.00,'CREDIT','seeded','2023-05-01 14:53:07','2023-05-01 14:53:07'),(153,NULL,7,98469.00,32736.00,77036.00,'DEBIT','seeded','2023-05-01 14:53:07','2023-05-01 14:53:07'),(154,NULL,7,91824.00,12940.00,778268.00,'CREDIT','seeded','2023-05-01 14:53:07','2023-05-01 14:53:07'),(155,NULL,7,4159.00,99598.00,711745.00,'CREDIT','seeded','2023-05-01 14:53:07','2023-05-01 14:53:07'),(156,NULL,7,37211.00,51953.00,768109.00,'DEBIT','seeded','2023-05-01 14:53:07','2023-05-01 14:53:07'),(157,NULL,7,46650.00,64065.00,457467.00,'DEBIT','seeded','2023-05-01 14:53:07','2023-05-01 14:53:07'),(158,NULL,7,92583.00,26120.00,121423.00,'CREDIT','seeded','2023-05-01 14:53:07','2023-05-01 14:53:07'),(159,NULL,7,2242.00,51454.00,576229.00,'CREDIT','seeded','2023-05-01 14:53:07','2023-05-01 14:53:07'),(160,NULL,7,58170.00,55211.00,22820.00,'DEBIT','seeded','2023-05-01 14:53:07','2023-05-01 14:53:07'),(161,NULL,7,62942.00,33114.00,530786.00,'DEBIT','seeded','2023-05-01 14:53:07','2023-05-01 14:53:07'),(162,NULL,7,92570.00,5596.00,766287.00,'DEBIT','seeded','2023-05-01 14:53:07','2023-05-01 14:53:07'),(163,NULL,7,7929.00,82467.00,117043.00,'DEBIT','seeded','2023-05-01 14:53:07','2023-05-01 14:53:07'),(164,NULL,7,43662.00,62958.00,135595.00,'DEBIT','seeded','2023-05-01 14:53:07','2023-05-01 14:53:07'),(165,NULL,7,69835.00,46392.00,302812.00,'DEBIT','seeded','2023-05-01 14:53:07','2023-05-01 14:53:07'),(166,NULL,7,51007.00,57271.00,207093.00,'CREDIT','seeded','2023-05-01 14:53:07','2023-05-01 14:53:07'),(167,NULL,7,30293.00,64189.00,348753.00,'CREDIT','seeded','2023-05-01 14:53:07','2023-05-01 14:53:07'),(168,NULL,7,97724.00,67876.00,674660.00,'DEBIT','seeded','2023-05-01 14:53:07','2023-05-01 14:53:07'),(169,NULL,7,33589.00,5244.00,12511.00,'DEBIT','seeded','2023-05-01 14:53:07','2023-05-01 14:53:07'),(170,NULL,7,13655.00,29502.00,379841.00,'CREDIT','seeded','2023-05-01 14:53:07','2023-05-01 14:53:07'),(171,NULL,7,43906.00,32399.00,682759.00,'DEBIT','seeded','2023-05-01 14:53:07','2023-05-01 14:53:07'),(172,NULL,7,65152.00,15254.00,414323.00,'CREDIT','seeded','2023-05-01 14:53:07','2023-05-01 14:53:07'),(173,NULL,8,7656.00,57232.00,675462.00,'CREDIT','seeded','2023-05-01 14:53:07','2023-05-01 14:53:07'),(174,NULL,8,2905.00,86140.00,894999.00,'CREDIT','seeded','2023-05-01 14:53:07','2023-05-01 14:53:07'),(175,NULL,8,1793.00,51516.00,9765.00,'CREDIT','seeded','2023-05-01 14:53:07','2023-05-01 14:53:07'),(176,NULL,8,66558.00,72374.00,325481.00,'CREDIT','seeded','2023-05-01 14:53:07','2023-05-01 14:53:07'),(177,NULL,8,67481.00,46526.00,171101.00,'DEBIT','seeded','2023-05-01 14:53:07','2023-05-01 14:53:07'),(178,NULL,8,69942.00,38297.00,850225.00,'DEBIT','seeded','2023-05-01 14:53:07','2023-05-01 14:53:07'),(179,NULL,8,72253.00,84677.00,852503.00,'DEBIT','seeded','2023-05-01 14:53:07','2023-05-01 14:53:07'),(180,NULL,8,1535.00,6840.00,430200.00,'CREDIT','seeded','2023-05-01 14:53:07','2023-05-01 14:53:07'),(181,NULL,8,44534.00,17395.00,173402.00,'CREDIT','seeded','2023-05-01 14:53:07','2023-05-01 14:53:07'),(182,NULL,8,20886.00,73660.00,714056.00,'CREDIT','seeded','2023-05-01 14:53:07','2023-05-01 14:53:07'),(183,NULL,8,33489.00,65378.00,841311.00,'DEBIT','seeded','2023-05-01 14:53:07','2023-05-01 14:53:07'),(184,NULL,8,21828.00,14751.00,238824.00,'DEBIT','seeded','2023-05-01 14:53:07','2023-05-01 14:53:07'),(185,NULL,8,66627.00,27203.00,490993.00,'DEBIT','seeded','2023-05-01 14:53:07','2023-05-01 14:53:07'),(186,NULL,8,21579.00,60590.00,600188.00,'DEBIT','seeded','2023-05-01 14:53:07','2023-05-01 14:53:07'),(187,NULL,8,41152.00,94871.00,129037.00,'DEBIT','seeded','2023-05-01 14:53:07','2023-05-01 14:53:07'),(188,NULL,8,38362.00,51045.00,81533.00,'DEBIT','seeded','2023-05-01 14:53:07','2023-05-01 14:53:07'),(189,NULL,8,6591.00,5061.00,947432.00,'CREDIT','seeded','2023-05-01 14:53:07','2023-05-01 14:53:07'),(190,NULL,8,30525.00,81047.00,720414.00,'DEBIT','seeded','2023-05-01 14:53:07','2023-05-01 14:53:07'),(191,NULL,8,41771.00,78992.00,611124.00,'CREDIT','seeded','2023-05-01 14:53:07','2023-05-01 14:53:07'),(192,NULL,8,27682.00,67811.00,908822.00,'DEBIT','seeded','2023-05-01 14:53:07','2023-05-01 14:53:07'),(193,NULL,8,37593.00,14869.00,349134.00,'CREDIT','seeded','2023-05-01 14:53:07','2023-05-01 14:53:07'),(194,NULL,8,34871.00,33901.00,481394.00,'CREDIT','seeded','2023-05-01 14:53:07','2023-05-01 14:53:07'),(195,NULL,8,11221.00,56670.00,410245.00,'DEBIT','seeded','2023-05-01 14:53:07','2023-05-01 14:53:07'),(196,NULL,8,80721.00,8105.00,772013.00,'CREDIT','seeded','2023-05-01 14:53:07','2023-05-01 14:53:07'),(197,NULL,8,67193.00,81639.00,711231.00,'CREDIT','seeded','2023-05-01 14:53:07','2023-05-01 14:53:07'),(198,NULL,8,63718.00,5560.00,816177.00,'CREDIT','seeded','2023-05-01 14:53:07','2023-05-01 14:53:07'),(199,NULL,8,12692.00,39459.00,407550.00,'DEBIT','seeded','2023-05-01 14:53:07','2023-05-01 14:53:07'),(200,NULL,8,31625.00,20580.00,222002.00,'CREDIT','seeded','2023-05-01 14:53:07','2023-05-01 14:53:07'),(201,NULL,8,99632.00,31650.00,496897.00,'CREDIT','seeded','2023-05-01 14:53:07','2023-05-01 14:53:07'),(202,NULL,8,353.00,99014.00,916116.00,'DEBIT','seeded','2023-05-01 14:53:07','2023-05-01 14:53:07'),(203,1,1,300000.00,0.00,300000.00,'CREDIT','General Ledger was funded by Teqtms Admin','2023-05-02 21:13:09','2023-05-02 21:13:09'),(204,1,3,50000.00,0.00,50000.00,'CREDIT','General Ledger was funded by Teqtms Admin','2023-05-02 22:12:09','2023-05-02 22:12:09'),(205,1,1,1430000.00,0.00,1430000.00,'CREDIT','General Ledger was funded by Teqtms Admin','2023-05-15 05:23:52','2023-05-15 05:23:52');
/*!40000 ALTER TABLE `g_l_t_s` ENABLE KEYS */;
UNLOCK TABLES;

--
-- Table structure for table `general_ledgers`
--

DROP TABLE IF EXISTS `general_ledgers`;
/*!40101 SET @saved_cs_client     = @@character_set_client */;
/*!50503 SET character_set_client = utf8mb4 */;
CREATE TABLE `general_ledgers` (
  `id` bigint unsigned NOT NULL AUTO_INCREMENT,
  `service_id` bigint unsigned NOT NULL,
  `balance` double(12,2) NOT NULL DEFAULT '0.00',
  `created_at` timestamp NULL DEFAULT NULL,
  `updated_at` timestamp NULL DEFAULT NULL,
  PRIMARY KEY (`id`),
  UNIQUE KEY `general_ledgers_service_id_unique` (`service_id`)
) ENGINE=InnoDB AUTO_INCREMENT=9 DEFAULT CHARSET=utf8mb4 COLLATE=utf8mb4_unicode_ci;
/*!40101 SET character_set_client = @saved_cs_client */;

--
-- Dumping data for table `general_ledgers`
--

LOCK TABLES `general_ledgers` WRITE;
/*!40000 ALTER TABLE `general_ledgers` DISABLE KEYS */;
INSERT INTO `general_ledgers` VALUES (1,1,0.00,'2023-05-01 14:53:07','2023-05-01 14:53:07'),(2,2,0.00,'2023-05-01 14:53:07','2023-05-01 14:53:07'),(3,3,0.00,'2023-05-01 14:53:07','2023-05-01 14:53:07'),(4,4,0.00,'2023-05-01 14:53:07','2023-05-01 14:53:07'),(5,5,0.00,'2023-05-01 14:53:07','2023-05-01 14:53:07'),(6,6,0.00,'2023-05-01 14:53:07','2023-05-01 14:53:07'),(7,7,0.00,'2023-05-01 14:53:07','2023-05-01 14:53:07'),(8,8,0.00,'2023-05-01 14:53:07','2023-05-01 14:53:07');
/*!40000 ALTER TABLE `general_ledgers` ENABLE KEYS */;
UNLOCK TABLES;

--
-- Table structure for table `hosts`
--

DROP TABLE IF EXISTS `hosts`;
/*!40101 SET @saved_cs_client     = @@character_set_client */;
/*!50503 SET character_set_client = utf8mb4 */;
CREATE TABLE `hosts` (
  `id` bigint unsigned NOT NULL AUTO_INCREMENT,
  `name` varchar(255) COLLATE utf8mb4_unicode_ci NOT NULL,
  `ip` varchar(255) COLLATE utf8mb4_unicode_ci NOT NULL,
  `port` varchar(255) COLLATE utf8mb4_unicode_ci NOT NULL,
  `ssl` tinyint(1) NOT NULL DEFAULT '1',
  `comkey` varchar(255) COLLATE utf8mb4_unicode_ci NOT NULL,
  `created_at` timestamp NULL DEFAULT NULL,
  `updated_at` timestamp NULL DEFAULT NULL,
  PRIMARY KEY (`id`),
  UNIQUE KEY `hosts_name_unique` (`name`)
) ENGINE=InnoDB DEFAULT CHARSET=utf8mb4 COLLATE=utf8mb4_unicode_ci;
/*!40101 SET character_set_client = @saved_cs_client */;

--
-- Dumping data for table `hosts`
--

LOCK TABLES `hosts` WRITE;
/*!40000 ALTER TABLE `hosts` DISABLE KEYS */;
/*!40000 ALTER TABLE `hosts` ENABLE KEYS */;
UNLOCK TABLES;

--
-- Table structure for table `iso_transactions`
--

DROP TABLE IF EXISTS `iso_transactions`;
/*!40101 SET @saved_cs_client     = @@character_set_client */;
/*!50503 SET character_set_client = utf8mb4 */;
CREATE TABLE `iso_transactions` (
  `id` bigint unsigned NOT NULL AUTO_INCREMENT,
  `user_id` bigint unsigned NOT NULL,
  `reference` varchar(255) COLLATE utf8mb4_unicode_ci NOT NULL,
  `provider` varchar(255) COLLATE utf8mb4_unicode_ci NOT NULL,
  `serial` varchar(255) COLLATE utf8mb4_unicode_ci NOT NULL,
  `amount` double(12,2) NOT NULL,
  `charge` double(12,2) NOT NULL,
  `total_amount` double(12,2) NOT NULL,
  `customer_name` varchar(255) COLLATE utf8mb4_unicode_ci DEFAULT NULL,
  `card_type` varchar(255) COLLATE utf8mb4_unicode_ci DEFAULT NULL,
  `device` varchar(255) COLLATE utf8mb4_unicode_ci DEFAULT NULL,
  `version` varchar(255) COLLATE utf8mb4_unicode_ci DEFAULT NULL,
  `f2` varchar(19) COLLATE utf8mb4_unicode_ci NOT NULL,
  `f3` varchar(6) COLLATE utf8mb4_unicode_ci NOT NULL,
  `f4` varchar(12) COLLATE utf8mb4_unicode_ci NOT NULL,
  `f5` varchar(12) COLLATE utf8mb4_unicode_ci DEFAULT NULL,
  `f7` varchar(10) COLLATE utf8mb4_unicode_ci NOT NULL,
  `f9` varchar(8) COLLATE utf8mb4_unicode_ci DEFAULT NULL,
  `f11` varchar(6) COLLATE utf8mb4_unicode_ci NOT NULL,
  `f12` varchar(6) COLLATE utf8mb4_unicode_ci NOT NULL,
  `f13` varchar(4) COLLATE utf8mb4_unicode_ci NOT NULL,
  `f14` varchar(4) COLLATE utf8mb4_unicode_ci NOT NULL,
  `f15` varchar(4) COLLATE utf8mb4_unicode_ci NOT NULL,
  `f16` varchar(4) COLLATE utf8mb4_unicode_ci DEFAULT NULL,
  `f18` varchar(4) COLLATE utf8mb4_unicode_ci NOT NULL,
  `f22` varchar(3) COLLATE utf8mb4_unicode_ci DEFAULT NULL,
  `f23` varchar(3) COLLATE utf8mb4_unicode_ci NOT NULL,
  `f25` varchar(2) COLLATE utf8mb4_unicode_ci NOT NULL DEFAULT '00',
  `f26` varchar(2) COLLATE utf8mb4_unicode_ci NOT NULL DEFAULT '04',
  `f28` varchar(9) COLLATE utf8mb4_unicode_ci NOT NULL,
  `f30` varchar(9) COLLATE utf8mb4_unicode_ci DEFAULT NULL,
  `f31` varchar(9) COLLATE utf8mb4_unicode_ci DEFAULT NULL,
  `f32` varchar(11) COLLATE utf8mb4_unicode_ci DEFAULT NULL,
  `f33` varchar(11) COLLATE utf8mb4_unicode_ci DEFAULT NULL,
  `f35` varchar(37) COLLATE utf8mb4_unicode_ci NOT NULL,
  `f37` varchar(12) COLLATE utf8mb4_unicode_ci NOT NULL,
  `f38` varchar(6) COLLATE utf8mb4_unicode_ci DEFAULT NULL,
  `f39` varchar(2) COLLATE utf8mb4_unicode_ci DEFAULT NULL,
  `f40` varchar(3) COLLATE utf8mb4_unicode_ci NOT NULL,
  `f41` varchar(8) COLLATE utf8mb4_unicode_ci NOT NULL,
  `f42` varchar(15) COLLATE utf8mb4_unicode_ci NOT NULL,
  `f43` varchar(40) COLLATE utf8mb4_unicode_ci NOT NULL,
  `f44` varchar(25) COLLATE utf8mb4_unicode_ci DEFAULT NULL,
  `f45` varchar(76) COLLATE utf8mb4_unicode_ci DEFAULT NULL,
  `f48` longtext COLLATE utf8mb4_unicode_ci,
  `f49` varchar(3) COLLATE utf8mb4_unicode_ci NOT NULL,
  `f50` varchar(3) COLLATE utf8mb4_unicode_ci DEFAULT NULL,
  `f52` varchar(3) COLLATE utf8mb4_unicode_ci DEFAULT NULL,
  `f53` varchar(96) COLLATE utf8mb4_unicode_ci DEFAULT NULL,
  `f54` varchar(120) COLLATE utf8mb4_unicode_ci DEFAULT NULL,
  `f55` longtext COLLATE utf8mb4_unicode_ci,
  `f56` varchar(4) COLLATE utf8mb4_unicode_ci NOT NULL,
  `f58` varchar(11) COLLATE utf8mb4_unicode_ci DEFAULT NULL,
  `f59` longtext COLLATE utf8mb4_unicode_ci,
  `f98` varchar(25) COLLATE utf8mb4_unicode_ci DEFAULT NULL,
  `f100` varchar(11) COLLATE utf8mb4_unicode_ci DEFAULT NULL,
  `f102` varchar(28) COLLATE utf8mb4_unicode_ci DEFAULT NULL,
  `f103` varchar(28) COLLATE utf8mb4_unicode_ci DEFAULT NULL,
  `f123` varchar(15) COLLATE utf8mb4_unicode_ci DEFAULT NULL,
  `created_at` timestamp NULL DEFAULT NULL,
  `updated_at` timestamp NULL DEFAULT NULL,
  PRIMARY KEY (`id`),
  UNIQUE KEY `unique_trans_id` (`f4`,`f11`,`f13`,`f37`,`f41`),
  UNIQUE KEY `iso_transactions_reference_unique` (`reference`)
) ENGINE=InnoDB DEFAULT CHARSET=utf8mb4 COLLATE=utf8mb4_unicode_ci;
/*!40101 SET character_set_client = @saved_cs_client */;

--
-- Dumping data for table `iso_transactions`
--

LOCK TABLES `iso_transactions` WRITE;
/*!40000 ALTER TABLE `iso_transactions` DISABLE KEYS */;
/*!40000 ALTER TABLE `iso_transactions` ENABLE KEYS */;
UNLOCK TABLES;

--
-- Table structure for table `kyc_docs`
--

DROP TABLE IF EXISTS `kyc_docs`;
/*!40101 SET @saved_cs_client     = @@character_set_client */;
/*!50503 SET character_set_client = utf8mb4 */;
CREATE TABLE `kyc_docs` (
  `id` bigint unsigned NOT NULL AUTO_INCREMENT,
  `user_id` bigint unsigned NOT NULL,
  `name` varchar(255) COLLATE utf8mb4_unicode_ci NOT NULL,
  `path` varchar(255) COLLATE utf8mb4_unicode_ci NOT NULL,
  `created_at` timestamp NULL DEFAULT NULL,
  `updated_at` timestamp NULL DEFAULT NULL,
  PRIMARY KEY (`id`)
) ENGINE=InnoDB DEFAULT CHARSET=utf8mb4 COLLATE=utf8mb4_unicode_ci;
/*!40101 SET character_set_client = @saved_cs_client */;

--
-- Dumping data for table `kyc_docs`
--

LOCK TABLES `kyc_docs` WRITE;
/*!40000 ALTER TABLE `kyc_docs` DISABLE KEYS */;
/*!40000 ALTER TABLE `kyc_docs` ENABLE KEYS */;
UNLOCK TABLES;

--
-- Table structure for table `kyc_levels`
--

DROP TABLE IF EXISTS `kyc_levels`;
/*!40101 SET @saved_cs_client     = @@character_set_client */;
/*!50503 SET character_set_client = utf8mb4 */;
CREATE TABLE `kyc_levels` (
  `id` bigint unsigned NOT NULL AUTO_INCREMENT,
  `name` varchar(255) COLLATE utf8mb4_unicode_ci NOT NULL,
  `daily_limit` double(12,2) NOT NULL,
  `single_trans_max` double(12,2) NOT NULL,
  `max_balance` double(12,2) NOT NULL,
  `no_of_agents` int DEFAULT NULL,
  `created_at` timestamp NULL DEFAULT NULL,
  `updated_at` timestamp NULL DEFAULT NULL,
  PRIMARY KEY (`id`),
  UNIQUE KEY `kyc_levels_name_unique` (`name`)
) ENGINE=InnoDB AUTO_INCREMENT=6 DEFAULT CHARSET=utf8mb4 COLLATE=utf8mb4_unicode_ci;
/*!40101 SET character_set_client = @saved_cs_client */;

--
-- Dumping data for table `kyc_levels`
--

LOCK TABLES `kyc_levels` WRITE;
/*!40000 ALTER TABLE `kyc_levels` DISABLE KEYS */;
INSERT INTO `kyc_levels` VALUES (1,'SILVER',100000.00,30000.00,150000.00,NULL,'2023-05-01 14:53:05','2023-05-03 12:59:07'),(2,'GOLD',200000.00,50000.00,500000.00,NULL,'2023-05-01 14:53:05','2023-05-01 14:53:05'),(3,'DIAMOND',500000.00,70000.00,750000.00,NULL,'2023-05-01 14:53:05','2023-05-01 14:53:05'),(4,'MERCHANT',1000000.00,100000.00,1200000.00,NULL,'2023-05-01 14:53:05','2023-05-01 14:53:05');
/*!40000 ALTER TABLE `kyc_levels` ENABLE KEYS */;
UNLOCK TABLES;

--
-- Table structure for table `migrations`
--

DROP TABLE IF EXISTS `migrations`;
/*!40101 SET @saved_cs_client     = @@character_set_client */;
/*!50503 SET character_set_client = utf8mb4 */;
CREATE TABLE `migrations` (
  `id` int unsigned NOT NULL AUTO_INCREMENT,
  `migration` varchar(255) COLLATE utf8mb4_unicode_ci NOT NULL,
  `batch` int NOT NULL,
  PRIMARY KEY (`id`)
) ENGINE=InnoDB AUTO_INCREMENT=30 DEFAULT CHARSET=utf8mb4 COLLATE=utf8mb4_unicode_ci;
/*!40101 SET character_set_client = @saved_cs_client */;

--
-- Dumping data for table `migrations`
--

LOCK TABLES `migrations` WRITE;
/*!40000 ALTER TABLE `migrations` DISABLE KEYS */;
INSERT INTO `migrations` VALUES (1,'2014_10_12_000000_create_users_table',1),(2,'2014_10_12_100000_create_password_resets_table',1),(3,'2019_08_19_000000_create_failed_jobs_table',1),(4,'2019_12_14_000001_create_personal_access_tokens_table',1),(5,'2022_09_12_213240_create_permission_tables',1),(6,'2022_09_14_115759_create_iso_transactions_table',1),(7,'2022_09_14_123309_create_terminals_table',1),(8,'2022_09_14_173429_create_settlement_banks_table',1),(9,'2022_09_14_173829_create_configs_table',1),(10,'2022_09_14_174206_create_hosts_table',1),(11,'2022_09_15_080004_create_wallets_table',1),(12,'2022_09_15_092846_create_wallet_transactions_table',1),(13,'2022_09_15_093131_create_services_table',1),(14,'2022_09_15_110641_create_service_providers_table',1),(15,'2022_09_15_113500_create_transactions_table',1),(16,'2022_09_18_083510_create_kyc_levels_table',1),(17,'2022_09_18_083526_create_kyc_docs_table',1),(18,'2022_09_21_205934_create_general_ledgers_table',1),(19,'2022_09_21_210529_create_g_l_t_s_table',1),(20,'2022_09_23_113720_create_cache_table',1),(21,'2022_10_02_063242_create_terminal_groups_table',1),(22,'2022_10_06_063206_create_fees_table',1),(23,'2023_01_31_113350_create_activity_log_table',1),(24,'2023_01_31_113351_add_event_column_to_activity_log_table',1),(25,'2023_01_31_113352_add_batch_uuid_column_to_activity_log_table',1),(26,'2023_05_02_205515_2022_02_12_195950_create_approvals_table',2),(27,'2023_05_02_215221_add_performed_by_to_approvals_table',3),(28,'2023_05_14_092316_drop_is_active_from_service_providers_table',4),(29,'2023_05_14_092330_add_provider_id_to_services_table',4);
/*!40000 ALTER TABLE `migrations` ENABLE KEYS */;
UNLOCK TABLES;

--
-- Table structure for table `model_has_permissions`
--

DROP TABLE IF EXISTS `model_has_permissions`;
/*!40101 SET @saved_cs_client     = @@character_set_client */;
/*!50503 SET character_set_client = utf8mb4 */;
CREATE TABLE `model_has_permissions` (
  `permission_id` bigint unsigned NOT NULL,
  `model_type` varchar(255) COLLATE utf8mb4_unicode_ci NOT NULL,
  `model_id` bigint unsigned NOT NULL,
  PRIMARY KEY (`permission_id`,`model_id`,`model_type`),
  KEY `model_has_permissions_model_id_model_type_index` (`model_id`,`model_type`),
  CONSTRAINT `model_has_permissions_permission_id_foreign` FOREIGN KEY (`permission_id`) REFERENCES `permissions` (`id`) ON DELETE CASCADE
) ENGINE=InnoDB DEFAULT CHARSET=utf8mb4 COLLATE=utf8mb4_unicode_ci;
/*!40101 SET character_set_client = @saved_cs_client */;

--
-- Dumping data for table `model_has_permissions`
--

LOCK TABLES `model_has_permissions` WRITE;
/*!40000 ALTER TABLE `model_has_permissions` DISABLE KEYS */;
/*!40000 ALTER TABLE `model_has_permissions` ENABLE KEYS */;
UNLOCK TABLES;

--
-- Table structure for table `model_has_roles`
--

DROP TABLE IF EXISTS `model_has_roles`;
/*!40101 SET @saved_cs_client     = @@character_set_client */;
/*!50503 SET character_set_client = utf8mb4 */;
CREATE TABLE `model_has_roles` (
  `role_id` bigint unsigned NOT NULL,
  `model_type` varchar(255) COLLATE utf8mb4_unicode_ci NOT NULL,
  `model_id` bigint unsigned NOT NULL,
  PRIMARY KEY (`role_id`,`model_id`,`model_type`),
  KEY `model_has_roles_model_id_model_type_index` (`model_id`,`model_type`),
  CONSTRAINT `model_has_roles_role_id_foreign` FOREIGN KEY (`role_id`) REFERENCES `roles` (`id`) ON DELETE CASCADE
) ENGINE=InnoDB DEFAULT CHARSET=utf8mb4 COLLATE=utf8mb4_unicode_ci;
/*!40101 SET character_set_client = @saved_cs_client */;

--
-- Dumping data for table `model_has_roles`
--

LOCK TABLES `model_has_roles` WRITE;
/*!40000 ALTER TABLE `model_has_roles` DISABLE KEYS */;
INSERT INTO `model_has_roles` VALUES (5,'App\\Models\\User',1),(2,'App\\Models\\User',2),(1,'App\\Models\\User',3),(2,'App\\Models\\User',4),(1,'App\\Models\\User',5),(1,'App\\Models\\User',6),(2,'App\\Models\\User',7),(1,'App\\Models\\User',8),(2,'App\\Models\\User',9),(1,'App\\Models\\User',10),(3,'App\\Models\\User',11),(3,'App\\Models\\User',12),(3,'App\\Models\\User',13),(4,'App\\Models\\User',14),(4,'App\\Models\\User',15),(4,'App\\Models\\User',16),(4,'App\\Models\\User',17),(4,'App\\Models\\User',18),(4,'App\\Models\\User',19),(4,'App\\Models\\User',20),(4,'App\\Models\\User',21),(4,'App\\Models\\User',22),(4,'App\\Models\\User',23),(4,'App\\Models\\User',24),(4,'App\\Models\\User',25),(4,'App\\Models\\User',26);
/*!40000 ALTER TABLE `model_has_roles` ENABLE KEYS */;
UNLOCK TABLES;

--
-- Table structure for table `password_resets`
--

DROP TABLE IF EXISTS `password_resets`;
/*!40101 SET @saved_cs_client     = @@character_set_client */;
/*!50503 SET character_set_client = utf8mb4 */;
CREATE TABLE `password_resets` (
  `email` varchar(255) COLLATE utf8mb4_unicode_ci NOT NULL,
  `token` varchar(255) COLLATE utf8mb4_unicode_ci NOT NULL,
  `created_at` timestamp NULL DEFAULT NULL,
  KEY `password_resets_email_index` (`email`)
) ENGINE=InnoDB DEFAULT CHARSET=utf8mb4 COLLATE=utf8mb4_unicode_ci;
/*!40101 SET character_set_client = @saved_cs_client */;

--
-- Dumping data for table `password_resets`
--

LOCK TABLES `password_resets` WRITE;
/*!40000 ALTER TABLE `password_resets` DISABLE KEYS */;
/*!40000 ALTER TABLE `password_resets` ENABLE KEYS */;
UNLOCK TABLES;

--
-- Table structure for table `permissions`
--

DROP TABLE IF EXISTS `permissions`;
/*!40101 SET @saved_cs_client     = @@character_set_client */;
/*!50503 SET character_set_client = utf8mb4 */;
CREATE TABLE `permissions` (
  `id` bigint unsigned NOT NULL AUTO_INCREMENT,
  `name` varchar(255) COLLATE utf8mb4_unicode_ci NOT NULL,
  `description` mediumtext COLLATE utf8mb4_unicode_ci,
  `guard_name` varchar(255) COLLATE utf8mb4_unicode_ci NOT NULL,
  `created_at` timestamp NULL DEFAULT NULL,
  `updated_at` timestamp NULL DEFAULT NULL,
  PRIMARY KEY (`id`),
  UNIQUE KEY `permissions_name_guard_name_unique` (`name`,`guard_name`)
) ENGINE=InnoDB AUTO_INCREMENT=33 DEFAULT CHARSET=utf8mb4 COLLATE=utf8mb4_unicode_ci;
/*!40101 SET character_set_client = @saved_cs_client */;

--
-- Dumping data for table `permissions`
--

LOCK TABLES `permissions` WRITE;
/*!40000 ALTER TABLE `permissions` DISABLE KEYS */;
INSERT INTO `permissions` VALUES (1,'access admin',NULL,'web','2023-05-01 14:53:05','2023-05-01 14:53:05'),(2,'access super agent',NULL,'web','2023-05-01 14:53:05','2023-05-01 14:53:05'),(3,'access agent',NULL,'web','2023-05-01 14:53:05','2023-05-01 14:53:05'),(4,'read users',NULL,'web','2023-05-01 14:53:05','2023-05-01 14:53:05'),(5,'create user',NULL,'web','2023-05-01 14:53:05','2023-05-01 14:53:05'),(6,'modify user',NULL,'web','2023-05-01 14:53:05','2023-05-01 14:53:05'),(7,'disable user',NULL,'web','2023-05-01 14:53:05','2023-05-01 14:53:05'),(8,'read kyc-level',NULL,'web','2023-05-01 14:53:05','2023-05-01 14:53:05'),(9,'modify kyc-level',NULL,'web','2023-05-01 14:53:05','2023-05-01 14:53:05'),(10,'read roles',NULL,'web','2023-05-01 14:53:05','2023-05-01 14:53:05'),(11,'create role',NULL,'web','2023-05-01 14:53:05','2023-05-01 14:53:05'),(12,'edit roles',NULL,'web','2023-05-01 14:53:05','2023-05-01 14:53:05'),(13,'delete roles',NULL,'web','2023-05-01 14:53:05','2023-05-01 14:53:05'),(14,'edit permission',NULL,'web','2023-05-01 14:53:05','2023-05-01 14:53:05'),(15,'read wallets',NULL,'web','2023-05-01 14:53:05','2023-05-01 14:53:05'),(16,'modify wallet',NULL,'web','2023-05-01 14:53:05','2023-05-01 14:53:05'),(17,'read terminals',NULL,'web','2023-05-01 14:53:05','2023-05-01 14:53:05'),(18,'create terminal',NULL,'web','2023-05-01 14:53:05','2023-05-01 14:53:05'),(19,'edit terminal',NULL,'web','2023-05-01 14:53:05','2023-05-01 14:53:05'),(20,'delete terminal',NULL,'web','2023-05-01 14:53:05','2023-05-01 14:53:05'),(21,'read fees',NULL,'web','2023-05-01 14:53:05','2023-05-01 14:53:05'),(22,'modify fees',NULL,'web','2023-05-01 14:53:05','2023-05-01 14:53:05'),(23,'read general ledger',NULL,'web','2023-05-01 14:53:05','2023-05-01 14:53:05'),(24,'modify general ledger',NULL,'web','2023-05-01 14:53:05','2023-05-01 14:53:05'),(25,'read ledger',NULL,'web','2023-05-01 14:53:05','2023-05-01 14:53:05'),(26,'read dispute',NULL,'web','2023-05-01 14:53:05','2023-05-01 14:53:05'),(27,'create dispute',NULL,'web','2023-05-01 14:53:05','2023-05-01 14:53:05'),(28,'modify dispute',NULL,'web','2023-05-01 14:53:05','2023-05-01 14:53:05'),(29,'read settings',NULL,'web','2023-05-01 14:53:05','2023-05-01 14:53:05'),(30,'modify settings',NULL,'web','2023-05-01 14:53:05','2023-05-01 14:53:05'),(31,'read accounts',NULL,'web','2023-05-01 14:53:05','2023-05-01 14:53:05'),(32,'approve actions',NULL,'web','2023-05-02 21:23:56','2023-05-02 21:23:56');
/*!40000 ALTER TABLE `permissions` ENABLE KEYS */;
UNLOCK TABLES;

--
-- Table structure for table `personal_access_tokens`
--

DROP TABLE IF EXISTS `personal_access_tokens`;
/*!40101 SET @saved_cs_client     = @@character_set_client */;
/*!50503 SET character_set_client = utf8mb4 */;
CREATE TABLE `personal_access_tokens` (
  `id` bigint unsigned NOT NULL AUTO_INCREMENT,
  `tokenable_type` varchar(255) COLLATE utf8mb4_unicode_ci NOT NULL,
  `tokenable_id` bigint unsigned NOT NULL,
  `name` varchar(255) COLLATE utf8mb4_unicode_ci NOT NULL,
  `token` varchar(64) COLLATE utf8mb4_unicode_ci NOT NULL,
  `abilities` text COLLATE utf8mb4_unicode_ci,
  `last_used_at` timestamp NULL DEFAULT NULL,
  `created_at` timestamp NULL DEFAULT NULL,
  `updated_at` timestamp NULL DEFAULT NULL,
  PRIMARY KEY (`id`),
  UNIQUE KEY `personal_access_tokens_token_unique` (`token`),
  KEY `personal_access_tokens_tokenable_type_tokenable_id_index` (`tokenable_type`,`tokenable_id`)
) ENGINE=InnoDB DEFAULT CHARSET=utf8mb4 COLLATE=utf8mb4_unicode_ci;
/*!40101 SET character_set_client = @saved_cs_client */;

--
-- Dumping data for table `personal_access_tokens`
--

LOCK TABLES `personal_access_tokens` WRITE;
/*!40000 ALTER TABLE `personal_access_tokens` DISABLE KEYS */;
/*!40000 ALTER TABLE `personal_access_tokens` ENABLE KEYS */;
UNLOCK TABLES;

--
-- Table structure for table `role_has_permissions`
--

DROP TABLE IF EXISTS `role_has_permissions`;
/*!40101 SET @saved_cs_client     = @@character_set_client */;
/*!50503 SET character_set_client = utf8mb4 */;
CREATE TABLE `role_has_permissions` (
  `permission_id` bigint unsigned NOT NULL,
  `role_id` bigint unsigned NOT NULL,
  PRIMARY KEY (`permission_id`,`role_id`),
  KEY `role_has_permissions_role_id_foreign` (`role_id`),
  CONSTRAINT `role_has_permissions_permission_id_foreign` FOREIGN KEY (`permission_id`) REFERENCES `permissions` (`id`) ON DELETE CASCADE,
  CONSTRAINT `role_has_permissions_role_id_foreign` FOREIGN KEY (`role_id`) REFERENCES `roles` (`id`) ON DELETE CASCADE
) ENGINE=InnoDB DEFAULT CHARSET=utf8mb4 COLLATE=utf8mb4_unicode_ci;
/*!40101 SET character_set_client = @saved_cs_client */;

--
-- Dumping data for table `role_has_permissions`
--

LOCK TABLES `role_has_permissions` WRITE;
/*!40000 ALTER TABLE `role_has_permissions` DISABLE KEYS */;
INSERT INTO `role_has_permissions` VALUES (1,1),(4,1),(5,1),(6,1),(7,1),(8,1),(9,1),(10,1),(11,1),(12,1),(13,1),(14,1),(15,1),(16,1),(17,1),(18,1),(19,1),(20,1),(21,1),(22,1),(23,1),(24,1),(25,1),(26,1),(27,1),(28,1),(29,1),(30,1),(31,1),(1,2),(4,2),(5,2),(6,2),(7,2),(8,2),(9,2),(10,2),(15,2),(16,2),(17,2),(18,2),(19,2),(20,2),(21,2),(22,2),(23,2),(24,2),(25,2),(26,2),(27,2),(28,2),(29,2),(30,2),(31,2),(2,3),(3,4),(32,5);
/*!40000 ALTER TABLE `role_has_permissions` ENABLE KEYS */;
UNLOCK TABLES;

--
-- Table structure for table `roles`
--

DROP TABLE IF EXISTS `roles`;
/*!40101 SET @saved_cs_client     = @@character_set_client */;
/*!50503 SET character_set_client = utf8mb4 */;
CREATE TABLE `roles` (
  `id` bigint unsigned NOT NULL AUTO_INCREMENT,
  `name` varchar(255) COLLATE utf8mb4_unicode_ci NOT NULL,
  `guard_name` varchar(255) COLLATE utf8mb4_unicode_ci NOT NULL,
  `type` enum('Admins','Agents') COLLATE utf8mb4_unicode_ci NOT NULL DEFAULT 'Admins',
  `created_at` timestamp NULL DEFAULT NULL,
  `updated_at` timestamp NULL DEFAULT NULL,
  PRIMARY KEY (`id`),
  UNIQUE KEY `roles_name_guard_name_unique` (`name`,`guard_name`)
) ENGINE=InnoDB AUTO_INCREMENT=6 DEFAULT CHARSET=utf8mb4 COLLATE=utf8mb4_unicode_ci;
/*!40101 SET character_set_client = @saved_cs_client */;

--
-- Dumping data for table `roles`
--

LOCK TABLES `roles` WRITE;
/*!40000 ALTER TABLE `roles` DISABLE KEYS */;
INSERT INTO `roles` VALUES (1,'Super Admin','web','Admins','2023-05-01 14:53:05','2023-05-01 14:53:05'),(2,'Admin','web','Admins','2023-05-01 14:53:05','2023-05-01 14:53:05'),(3,'Super Agent','web','Agents','2023-05-01 14:53:05','2023-05-01 14:53:05'),(4,'Agent','web','Agents','2023-05-01 14:53:05','2023-05-01 14:53:05'),(5,'Approver','web','Admins','2023-05-02 21:23:56','2023-05-02 21:23:56');
/*!40000 ALTER TABLE `roles` ENABLE KEYS */;
UNLOCK TABLES;

--
-- Table structure for table `service_providers`
--

DROP TABLE IF EXISTS `service_providers`;
/*!40101 SET @saved_cs_client     = @@character_set_client */;
/*!50503 SET character_set_client = utf8mb4 */;
CREATE TABLE `service_providers` (
  `id` bigint unsigned NOT NULL AUTO_INCREMENT,
  `service_id` bigint unsigned NOT NULL,
  `name` varchar(255) COLLATE utf8mb4_unicode_ci NOT NULL,
  `created_at` timestamp NULL DEFAULT NULL,
  `updated_at` timestamp NULL DEFAULT NULL,
  PRIMARY KEY (`id`)
) ENGINE=InnoDB AUTO_INCREMENT=25 DEFAULT CHARSET=utf8mb4 COLLATE=utf8mb4_unicode_ci;
/*!40101 SET character_set_client = @saved_cs_client */;

--
-- Dumping data for table `service_providers`
--

LOCK TABLES `service_providers` WRITE;
/*!40000 ALTER TABLE `service_providers` DISABLE KEYS */;
INSERT INTO `service_providers` VALUES (1,1,'NON','2023-05-01 14:53:07','2023-05-01 14:53:07'),(2,1,'MOLESTIAS','2023-05-01 14:53:07','2023-05-01 14:53:07'),(3,1,'PARIATUR','2023-05-01 14:53:07','2023-05-01 14:53:07'),(4,2,'UT','2023-05-01 14:53:07','2023-05-01 14:53:07'),(5,2,'DELECTUS','2023-05-01 14:53:07','2023-05-01 14:53:07'),(6,2,'LABORUM','2023-05-01 14:53:07','2023-05-01 14:53:07'),(7,2,'VOLUPTAS','2023-05-01 14:53:07','2023-05-01 14:53:07'),(8,3,'DOLORES','2023-05-01 14:53:07','2023-05-01 14:53:07'),(9,3,'ENIM','2023-05-01 14:53:07','2023-05-01 14:53:07'),(10,4,'OPTIO','2023-05-01 14:53:07','2023-05-01 14:53:07'),(11,4,'QUIA','2023-05-01 14:53:07','2023-05-01 14:53:07'),(12,4,'CONSEQUUNTUR','2023-05-01 14:53:07','2023-05-01 14:53:07'),(13,4,'NIHIL','2023-05-01 14:53:07','2023-05-01 14:53:07'),(14,5,'QUI','2023-05-01 14:53:07','2023-05-01 14:53:07'),(15,5,'DOLOR','2023-05-01 14:53:07','2023-05-01 14:53:07'),(16,5,'QUIA','2023-05-01 14:53:07','2023-05-01 14:53:07'),(17,6,'SED','2023-05-01 14:53:07','2023-05-01 14:53:07'),(18,6,'UT','2023-05-01 14:53:07','2023-05-01 14:53:07'),(19,6,'VEL','2023-05-01 14:53:07','2023-05-01 14:53:07'),(20,6,'VOLUPTATEM','2023-05-01 14:53:07','2023-05-01 14:53:07'),(21,7,'INTERNAL','2023-05-01 14:53:07','2023-05-01 14:53:07'),(22,8,'CORPORIS','2023-05-01 14:53:07','2023-05-01 14:53:07'),(23,8,'ET','2023-05-01 14:53:07','2023-05-01 14:53:07'),(24,8,'LAUDANTIUM','2023-05-01 14:53:07','2023-05-01 14:53:07');
/*!40000 ALTER TABLE `service_providers` ENABLE KEYS */;
UNLOCK TABLES;

--
-- Table structure for table `services`
--

DROP TABLE IF EXISTS `services`;
/*!40101 SET @saved_cs_client     = @@character_set_client */;
/*!50503 SET character_set_client = utf8mb4 */;
CREATE TABLE `services` (
  `id` bigint unsigned NOT NULL AUTO_INCREMENT,
  `provider_id` int unsigned DEFAULT NULL,
  `name` varchar(255) COLLATE utf8mb4_unicode_ci NOT NULL,
  `slug` varchar(255) COLLATE utf8mb4_unicode_ci NOT NULL,
  `is_available` tinyint(1) NOT NULL DEFAULT '1',
  `description` mediumtext COLLATE utf8mb4_unicode_ci,
  `created_at` timestamp NULL DEFAULT NULL,
  `updated_at` timestamp NULL DEFAULT NULL,
  PRIMARY KEY (`id`),
  UNIQUE KEY `services_name_unique` (`name`),
  UNIQUE KEY `services_slug_unique` (`slug`)
) ENGINE=InnoDB AUTO_INCREMENT=9 DEFAULT CHARSET=utf8mb4 COLLATE=utf8mb4_unicode_ci;
/*!40101 SET character_set_client = @saved_cs_client */;

--
-- Dumping data for table `services`
--

LOCK TABLES `services` WRITE;
/*!40000 ALTER TABLE `services` DISABLE KEYS */;
INSERT INTO `services` VALUES (1,NULL,'CASHOUT/WITHDRAWAL','cashoutwithdrawalkoue5qz7',0,NULL,'2023-05-01 14:53:07','2023-05-14 16:22:13'),(2,6,'CABLE TV','cabletvzuhgip8l',0,NULL,'2023-05-01 14:53:07','2023-05-15 07:11:15'),(3,8,'AIRTIME','airtimezypzzfmv',0,'This service is for airtime recharge.','2023-05-01 14:53:07','2023-05-14 09:25:50'),(4,NULL,'INTERNET DATA','internetdatangczxm4z',1,NULL,'2023-05-01 14:53:07','2023-05-01 14:53:07'),(5,NULL,'ELECTRICITY','electricityrndwodbp',1,NULL,'2023-05-01 14:53:07','2023-05-01 14:53:07'),(6,NULL,'BANK TRANSFER','banktransfer1ekbhgic',0,NULL,'2023-05-01 14:53:07','2023-05-14 06:44:32'),(7,21,'WALLET TRANSFER','wallettransferoiyvlkmc',1,NULL,'2023-05-01 14:53:07','2023-05-01 14:53:07'),(8,NULL,'FUNDING/INBOUND','fundinginbounddqt9iheg',1,NULL,'2023-05-01 14:53:07','2023-05-01 14:53:07');
/*!40000 ALTER TABLE `services` ENABLE KEYS */;
UNLOCK TABLES;

--
-- Table structure for table `settlement_banks`
--

DROP TABLE IF EXISTS `settlement_banks`;
/*!40101 SET @saved_cs_client     = @@character_set_client */;
/*!50503 SET character_set_client = utf8mb4 */;
CREATE TABLE `settlement_banks` (
  `id` bigint unsigned NOT NULL AUTO_INCREMENT,
  `bank` varchar(255) COLLATE utf8mb4_unicode_ci NOT NULL,
  `account_number` varchar(10) COLLATE utf8mb4_unicode_ci NOT NULL,
  `rid` varchar(10) COLLATE utf8mb4_unicode_ci DEFAULT NULL,
  `created_at` timestamp NULL DEFAULT NULL,
  `updated_at` timestamp NULL DEFAULT NULL,
  PRIMARY KEY (`id`)
) ENGINE=InnoDB DEFAULT CHARSET=utf8mb4 COLLATE=utf8mb4_unicode_ci;
/*!40101 SET character_set_client = @saved_cs_client */;

--
-- Dumping data for table `settlement_banks`
--

LOCK TABLES `settlement_banks` WRITE;
/*!40000 ALTER TABLE `settlement_banks` DISABLE KEYS */;
/*!40000 ALTER TABLE `settlement_banks` ENABLE KEYS */;
UNLOCK TABLES;

--
-- Table structure for table `terminal_groups`
--

DROP TABLE IF EXISTS `terminal_groups`;
/*!40101 SET @saved_cs_client     = @@character_set_client */;
/*!50503 SET character_set_client = utf8mb4 */;
CREATE TABLE `terminal_groups` (
  `id` bigint unsigned NOT NULL AUTO_INCREMENT,
  `name` varchar(255) COLLATE utf8mb4_unicode_ci NOT NULL,
  `info` text COLLATE utf8mb4_unicode_ci,
  `created_at` timestamp NULL DEFAULT NULL,
  `updated_at` timestamp NULL DEFAULT NULL,
  PRIMARY KEY (`id`)
) ENGINE=InnoDB AUTO_INCREMENT=6 DEFAULT CHARSET=utf8mb4 COLLATE=utf8mb4_unicode_ci;
/*!40101 SET character_set_client = @saved_cs_client */;

--
-- Dumping data for table `terminal_groups`
--

LOCK TABLES `terminal_groups` WRITE;
/*!40000 ALTER TABLE `terminal_groups` DISABLE KEYS */;
INSERT INTO `terminal_groups` VALUES (1,'DEFAULT','Default terminal groups','2023-05-01 14:53:07','2023-05-01 14:53:07'),(5,'Sudo Merchants','For merchants who want to own terminals directly to work with','2023-05-03 12:59:02','2023-05-13 10:33:51');
/*!40000 ALTER TABLE `terminal_groups` ENABLE KEYS */;
UNLOCK TABLES;

--
-- Table structure for table `terminals`
--

DROP TABLE IF EXISTS `terminals`;
/*!40101 SET @saved_cs_client     = @@character_set_client */;
/*!50503 SET character_set_client = utf8mb4 */;
CREATE TABLE `terminals` (
  `id` bigint unsigned NOT NULL AUTO_INCREMENT,
  `user_id` bigint unsigned NOT NULL,
  `group_id` bigint unsigned NOT NULL DEFAULT '1',
  `device` varchar(255) COLLATE utf8mb4_unicode_ci NOT NULL,
  `serial` varchar(255) COLLATE utf8mb4_unicode_ci NOT NULL,
  `status` enum('ACTIVE','INACTIVE') COLLATE utf8mb4_unicode_ci NOT NULL DEFAULT 'INACTIVE',
  `mid` varchar(15) COLLATE utf8mb4_unicode_ci NOT NULL,
  `tid` varchar(8) COLLATE utf8mb4_unicode_ci NOT NULL,
  `tmk` varchar(38) COLLATE utf8mb4_unicode_ci NOT NULL,
  `tsk` varchar(38) COLLATE utf8mb4_unicode_ci NOT NULL,
  `tpk` varchar(38) COLLATE utf8mb4_unicode_ci NOT NULL,
  `date_time` varchar(14) COLLATE utf8mb4_unicode_ci NOT NULL,
  `timeout` smallint NOT NULL DEFAULT '60',
  `currency_code` varchar(3) COLLATE utf8mb4_unicode_ci NOT NULL DEFAULT '566',
  `country_code` varchar(3) COLLATE utf8mb4_unicode_ci NOT NULL DEFAULT '566',
  `category_code` varchar(4) COLLATE utf8mb4_unicode_ci NOT NULL,
  `name_location` varchar(40) COLLATE utf8mb4_unicode_ci NOT NULL,
  `created_at` timestamp NULL DEFAULT NULL,
  `updated_at` timestamp NULL DEFAULT NULL,
  PRIMARY KEY (`id`),
  UNIQUE KEY `terminals_tid_unique` (`tid`)
) ENGINE=InnoDB AUTO_INCREMENT=14 DEFAULT CHARSET=utf8mb4 COLLATE=utf8mb4_unicode_ci;
/*!40101 SET character_set_client = @saved_cs_client */;

--
-- Dumping data for table `terminals`
--

LOCK TABLES `terminals` WRITE;
/*!40000 ALTER TABLE `terminals` DISABLE KEYS */;
INSERT INTO `terminals` VALUES (1,14,1,'minima','J826l6VDkPccWkLx5FQY','INACTIVE','X5n7AmELKD9MT4N','A7pV8cMd','UgDMBu1AIb9deGLIX6B3I6amu5Nb6wAfwyuGeG','bOl5kLEmhj4RD0U7qtMNMxFOrvSGSV8eweBC02','iLrcVtcXum49AEMOc9myrzmfqKgCPtCtNxz5Gb','14/02/93 05:05',60,'566','566','9631','Y8I9H9VzmqHcW4tghYmdTTjJRplj9PuTmn4AAC8b','2023-05-01 14:53:07','2023-05-01 14:53:07'),(2,15,1,'nulla','CnO9r0qdxE7Cd2nQtUwQ','INACTIVE','3ShF5UdoqagEE9B','mfhzL300','1BkH8OH37tWQEVtua4g7WHKXnpsbiqpTXS1zew','AlDVSgJBKDoTCfrLD0OagKL3DAVWdjiCPYGp0V','NjEF8ZlBi07w88IVR4Rjm2NwxM63k9wha5VB82','27/04/10 09:27',60,'566','566','2498','qCXMMyOVqjBeLUvOnwmndt5S9GsNAD7e9BRAg2IZ','2023-05-01 14:53:07','2023-05-01 14:53:07'),(3,16,1,'autem','MfOiignL1uDSTFyNhHA3','INACTIVE','aV9zGDXJ5co4xXI','r5q9IL2F','X7pDq32C6XcaNqqPl0jPeNX0gX7cIl8INmjEBB','sbxa1ZXrp5aGXkUFKf0XXNZyJOPASAxeKr7sOZ','ED7vELP08oVQlzOO95oOudG2KF8KLnZyLohPA7','02/12/97 12:47',60,'566','566','7365','zrnvGk7DoKbmM9M2eCJ8BMMpbCUoRROUOd1KjDAs','2023-05-01 14:53:07','2023-05-01 14:53:07'),(4,17,1,'aperiam','vrv2WHAq62KZWUHBRlfh','INACTIVE','8E0DrwWjpfbovK1','YrfIPYv0','xRntql5yuhpSKtkEjVlvlLnDZlz01qerH9SYO5','n0uQih6ZXDKBJttfknNfWu9mrqah8xnxMw6L7v','CrCwcBSVI2iHkKa3Vvgw3JAhnHHc7lXVzOoFNL','01/05/86 07:45',60,'566','566','5302','9ZVsK8ng6CdvKylfyv8r66z1QqRXkGkK6WloJkgs','2023-05-01 14:53:07','2023-05-01 14:53:07'),(5,18,1,'et','1vytR1VGUB1CWnUkll6t','INACTIVE','VAuCYRgoB1v6ITE','wCagOlMU','tzQ13A1sgqiHAU1LTa7dvAOTf1lprJY1aKrBNJ','VVgLoMGpjd3puYngnvT82lJv7tPO0KQpCTWhVq','S6XxQt0Kps5hgRiH03iFUSzxCQXKmF5W3oHEwU','14/07/16 22:02',60,'566','566','1238','mcAuhjIypD4XUdyAgtwspJJiBUx86VswHV4nHMw3','2023-05-01 14:53:07','2023-05-01 14:53:07'),(6,19,1,'ea','Ulyo4rZFUqKtRs3N2LHX','INACTIVE','TwFnf16ka7t7sTF','wmKBtUHB','zmcR5S974ImkTiAr8LBKZnwz7t8LrdSyILHL9W','EYd9XKhgcg5ahnNCkZ02dYZJW9o4H0hNVhQnAz','DQGPu0UNlNSMJ8TN8zl5O7rmNrQaV9kgynhgP0','10/09/09 23:07',60,'566','566','921','GqwyuLyB4HpLIdZeOPq5qoQ8oaEdKDZURxj0D3tm','2023-05-01 14:53:07','2023-05-01 14:53:07'),(7,20,1,'omnis','qmJ8t2oF3Sfh49rOWiGm','INACTIVE','f2KAFaAq4iHlR44','PPEbj5Cj','PXjY4KXHzHUJaOCdvRE7SlopfhJIwvz04CYIpX','bHvjNv9JB5lQfgQLSrq9lvBjyP1CVwQU0Eq1zs','dZuDWvsxAUz1u5qICr3b4jSma8afj1WdUalGuC','25/04/98 07:40',60,'566','566','7147','FXvns4Te9TkDP6X4ELqoBMdbUG2JQ4UxIkFDynNQ','2023-05-01 14:53:07','2023-05-01 14:53:07'),(8,21,1,'consequuntur','TN6K77TNvyTXBrEKwaJC','INACTIVE','83FyadgODGfbaOL','BnYaDfRI','LSnyRiIL3kr7m9BkESB50zG2bfzI3gVZFZpHyT','QzdVBUCecAbCjPPXKueHReBsbmHuAU4hXZmwL0','nezlPWfSXyhc79EOkrZS30ugcwb08ryjjgPlDA','05/08/20 11:15',60,'566','566','1642','UMBZvYj6MxEZSdwFU1fYMNPkSn4SSTWwvJIT4Wl3','2023-05-01 14:53:07','2023-05-01 14:53:07'),(9,22,1,'rerum','YCquDPMejXbvur33L2O2','INACTIVE','QBvCX9UlkNp8gGo','Z2e0zx3y','2akLCFZssrLdwJnGhjFOXG8yiVAophR2hnF1UO','YEf6wCX9Ju6OgFsvrXYepTP3porYGgPPxNwaUl','s9a0M69IKIAaALN0XCX9R3fLLuX4FuKrKUAeA2','26/06/05 02:41',60,'566','566','9950','ZqMHqlSNbXTumCtN3JPG6uVrY4SsE8MbgXpgWb6M','2023-05-01 14:53:07','2023-05-01 14:53:07'),(10,23,1,'nostrum','5u2FzlbufE1CbPfeljlf','INACTIVE','iJGwV8KQnpJBBuM','5uQDZcXp','qoJ6ViH0Xk47PMwsmo15A68GpnwwHFlgNc1vM6','zblGD4dht4DkMLzaIRPxAbcrPJS5MsVqTBHEyM','dH5ItumfOaiZ3VngSJjOKa6CtqkL1GIn72myZ8','08/11/70 11:49',60,'566','566','8860','yH9oF8PvoPMzmCnf0YBiOnjiOsChb2kVEFmBD3fY','2023-05-01 14:53:07','2023-05-01 14:53:07'),(11,24,1,'et','VwhNRvWaCqWOVehep6kf','INACTIVE','d6bQAEK9O8yQyGv','W1Mlt8WL','eJkW5DOUMj0fw2tk5awHNQ69xvjKHycCd6xLQt','oZbO41bexkwYgojNgBgbsL6XqliNMAdgic6ojT','0JeS6kTv7AcEU0MV9SeSXkYiJiJdaHAMerT491','26/10/71 18:21',60,'566','566','784','H11UmULX7T6FHHy4bkSg9jaLTE6XKdE4Vlth2Qp4','2023-05-01 14:53:07','2023-05-01 14:53:07'),(12,25,1,'totam','gpnbHLY64dCzAXHI8dMu','INACTIVE','0WyBkmEKxCOMv83','pAiRo7s4','Lb6KOfB3NsWQaYChhgFO4NMioipmSYK8qFhNlE','dqBkL0z5LQJ5yPmgptJRJPwaQDEFjHSvCtDpYp','JwIxpDyThqcIC4B7Rw9IA8ZD9gAcpjGTRx5jYs','19/07/99 17:24',60,'566','566','2918','FLX3LXi1cZQ6szkkbdXU8zV9c1Je6EBs1FF3m3vx','2023-05-01 14:53:07','2023-05-01 14:53:07'),(13,26,1,'adipisci','VCqHDQU3BfTpdO4iOyWf','INACTIVE','v4APZ8rtKzFeY34','t5iQ9tGi','2bzpGmTk7pUWwBMzGLThWVjMEnGzpZ90YVLFyz','jriEDU4li5fTr4b6OH6iMXi6Qi19rrHLfMIBeD','FIqMgQqQsyBVyUQST70Bs9kdZTvmkCTHNaCC3A','17/01/10 10:38',60,'566','566','7747','mw07NWLEwbx82etdiC3pgyusn1nMuptUOytDrZPo','2023-05-01 14:53:07','2023-05-13 10:33:49');
/*!40000 ALTER TABLE `terminals` ENABLE KEYS */;
UNLOCK TABLES;

--
-- Table structure for table `transactions`
--

DROP TABLE IF EXISTS `transactions`;
/*!40101 SET @saved_cs_client     = @@character_set_client */;
/*!50503 SET character_set_client = utf8mb4 */;
CREATE TABLE `transactions` (
  `id` bigint unsigned NOT NULL AUTO_INCREMENT,
  `user_id` bigint unsigned NOT NULL,
  `terminal_id` bigint unsigned NOT NULL,
  `type_id` bigint unsigned NOT NULL,
  `amount` double(12,2) NOT NULL,
  `charge` double(12,2) NOT NULL DEFAULT '0.00',
  `total_amount` double(12,2) NOT NULL,
  `reference` varchar(255) COLLATE utf8mb4_unicode_ci NOT NULL,
  `bank_name` varchar(255) COLLATE utf8mb4_unicode_ci DEFAULT NULL,
  `bank_code` varchar(255) COLLATE utf8mb4_unicode_ci DEFAULT NULL,
  `account_number` varchar(255) COLLATE utf8mb4_unicode_ci DEFAULT NULL,
  `account_name` varchar(255) COLLATE utf8mb4_unicode_ci DEFAULT NULL,
  `info` varchar(255) COLLATE utf8mb4_unicode_ci DEFAULT NULL,
  `power_token` varchar(255) COLLATE utf8mb4_unicode_ci DEFAULT NULL,
  `status` enum('SUCCESSFUL','PENDING','FAILED') COLLATE utf8mb4_unicode_ci NOT NULL DEFAULT 'PENDING',
  `channel` enum('POS','WEB','MOBILE','OTHERS') COLLATE utf8mb4_unicode_ci NOT NULL DEFAULT 'POS',
  `provider` varchar(255) COLLATE utf8mb4_unicode_ci DEFAULT NULL,
  `wallet_debited` tinyint(1) DEFAULT NULL,
  `wallet_credited` tinyint(1) DEFAULT NULL,
  `version` varchar(255) COLLATE utf8mb4_unicode_ci DEFAULT NULL,
  `created_at` timestamp NULL DEFAULT NULL,
  `updated_at` timestamp NULL DEFAULT NULL,
  PRIMARY KEY (`id`)
) ENGINE=InnoDB AUTO_INCREMENT=157 DEFAULT CHARSET=utf8mb4 COLLATE=utf8mb4_unicode_ci;
/*!40101 SET character_set_client = @saved_cs_client */;

--
-- Dumping data for table `transactions`
--

LOCK TABLES `transactions` WRITE;
/*!40000 ALTER TABLE `transactions` DISABLE KEYS */;
INSERT INTO `transactions` VALUES (1,14,1,8,57339.00,63.00,418682.00,'9YV6zUzRzyyUsNxW',NULL,NULL,NULL,NULL,'Seeded',NULL,'SUCCESSFUL','POS',NULL,NULL,NULL,NULL,'2023-04-26 10:03:43','2023-05-01 14:53:07'),(2,14,1,1,72176.00,37.00,650495.00,'cO26k1JLDMalsJPS',NULL,NULL,NULL,NULL,'Seeded',NULL,'PENDING','POS',NULL,NULL,NULL,NULL,'2023-03-29 00:02:57','2023-05-01 14:53:07'),(3,14,1,8,87710.00,7.00,641976.00,'zJqY5uSwQj7XKI8C',NULL,NULL,NULL,NULL,'Seeded',NULL,'PENDING','POS',NULL,NULL,NULL,NULL,'2023-04-21 19:50:59','2023-05-01 14:53:07'),(4,14,1,8,80072.00,56.00,786411.00,'06FnqeuMSPnGkJD3',NULL,NULL,NULL,NULL,'Seeded',NULL,'FAILED','POS',NULL,NULL,NULL,NULL,'2023-03-25 04:00:00','2023-05-01 14:53:07'),(5,14,1,1,60250.00,27.00,920530.00,'RYgcsGAOSRLnA3VW',NULL,NULL,NULL,NULL,'Seeded',NULL,'PENDING','POS',NULL,NULL,NULL,NULL,'2023-03-18 22:37:24','2023-05-01 14:53:07'),(6,14,1,6,65417.00,61.00,124335.00,'ZaR8sDkQxMigM0Ah',NULL,NULL,NULL,NULL,'Seeded',NULL,'PENDING','POS',NULL,NULL,NULL,NULL,'2023-03-12 17:21:40','2023-05-01 14:53:07'),(7,14,1,2,59518.00,22.00,727608.00,'kpeu6th8jVW1bN7u',NULL,NULL,NULL,NULL,'Seeded',NULL,'PENDING','POS',NULL,NULL,NULL,NULL,'2023-04-01 07:39:17','2023-05-01 14:53:07'),(8,14,1,4,46468.00,57.00,575843.00,'TQ4G7xurcoMinIwl',NULL,NULL,NULL,NULL,'Seeded',NULL,'SUCCESSFUL','POS',NULL,NULL,NULL,NULL,'2023-04-08 13:23:42','2023-05-01 14:53:07'),(9,14,1,5,1059.00,79.00,301494.00,'4QusJqUdqfsWWjfR',NULL,NULL,NULL,NULL,'Seeded',NULL,'SUCCESSFUL','POS',NULL,NULL,NULL,NULL,'2023-03-11 03:43:44','2023-05-01 14:53:07'),(10,14,1,3,68953.00,88.00,897174.00,'a5gJnS5icif7X6dj',NULL,NULL,NULL,NULL,'Seeded',NULL,'SUCCESSFUL','POS',NULL,NULL,NULL,NULL,'2023-04-29 03:39:09','2023-05-01 14:53:07'),(11,14,1,4,35656.00,63.00,870511.00,'xEcUpBAchMBC8dIh',NULL,NULL,NULL,NULL,'Seeded',NULL,'PENDING','POS',NULL,NULL,NULL,NULL,'2023-03-09 00:01:42','2023-05-01 14:53:07'),(12,15,2,4,87538.00,59.00,503797.00,'4Fh8Xe40ZciV0tZc',NULL,NULL,NULL,NULL,'Seeded',NULL,'SUCCESSFUL','POS',NULL,NULL,NULL,NULL,'2023-03-11 21:55:55','2023-05-01 14:53:07'),(13,15,2,2,52437.00,87.00,481842.00,'RPJA3yEQ0AlAud00',NULL,NULL,NULL,NULL,'Seeded',NULL,'FAILED','POS',NULL,NULL,NULL,NULL,'2023-04-14 03:05:33','2023-05-01 14:53:07'),(14,15,2,1,13220.00,52.00,239754.00,'cM0fSiTLUyAMU2La',NULL,NULL,NULL,NULL,'Seeded',NULL,'PENDING','POS',NULL,NULL,NULL,NULL,'2023-03-08 16:18:07','2023-05-01 14:53:07'),(15,15,2,4,77159.00,33.00,418546.00,'s1YJdE7af8fFP667',NULL,NULL,NULL,NULL,'Seeded',NULL,'FAILED','POS',NULL,NULL,NULL,NULL,'2023-03-26 19:12:26','2023-05-01 14:53:07'),(16,15,2,6,33179.00,3.00,384774.00,'B9oSP7JeZn1oc3Se',NULL,NULL,NULL,NULL,'Seeded',NULL,'FAILED','POS',NULL,NULL,NULL,NULL,'2023-04-13 00:42:59','2023-05-01 14:53:07'),(17,15,2,8,5323.00,7.00,138962.00,'5ZFRAUitxowAhwsg',NULL,NULL,NULL,NULL,'Seeded',NULL,'SUCCESSFUL','POS',NULL,NULL,NULL,NULL,'2023-04-07 18:50:17','2023-05-01 14:53:07'),(18,15,2,4,53814.00,75.00,951748.00,'RAeuez1mlkI0FcI2',NULL,NULL,NULL,NULL,'Seeded',NULL,'PENDING','POS',NULL,NULL,NULL,NULL,'2023-04-02 05:05:04','2023-05-01 14:53:07'),(19,15,2,2,70070.00,74.00,901211.00,'nW2yIYl0Kiup5fFb',NULL,NULL,NULL,NULL,'Seeded',NULL,'SUCCESSFUL','POS',NULL,NULL,NULL,NULL,'2023-04-22 22:46:06','2023-05-01 14:53:07'),(20,15,2,3,24673.00,44.00,335438.00,'z48FtVh1ts8VsLuI',NULL,NULL,NULL,NULL,'Seeded',NULL,'FAILED','POS',NULL,NULL,NULL,NULL,'2023-03-19 17:31:45','2023-05-01 14:53:07'),(21,15,2,5,31399.00,59.00,455470.00,'8w8B323E6OKDTDBV',NULL,NULL,NULL,NULL,'Seeded',NULL,'PENDING','POS',NULL,NULL,NULL,NULL,'2023-04-06 08:11:43','2023-05-01 14:53:07'),(22,15,2,4,94687.00,31.00,634012.00,'cmtrzQRNuJxuHNkG',NULL,NULL,NULL,NULL,'Seeded',NULL,'PENDING','POS',NULL,NULL,NULL,NULL,'2023-03-05 18:17:48','2023-05-01 14:53:07'),(23,16,3,5,6196.00,38.00,799952.00,'DQimehIfwgTpDPqc',NULL,NULL,NULL,NULL,'Seeded',NULL,'PENDING','POS',NULL,NULL,NULL,NULL,'2023-03-22 17:03:21','2023-05-01 14:53:07'),(24,16,3,1,40772.00,98.00,406063.00,'9X4XsHkYKVGjvOjs',NULL,NULL,NULL,NULL,'Seeded',NULL,'SUCCESSFUL','POS',NULL,NULL,NULL,NULL,'2023-04-04 05:06:04','2023-05-01 14:53:07'),(25,16,3,4,35219.00,54.00,354505.00,'nI9HxYWLHmNoS7Wq',NULL,NULL,NULL,NULL,'Seeded',NULL,'FAILED','POS',NULL,NULL,NULL,NULL,'2023-03-28 10:08:09','2023-05-01 14:53:07'),(26,16,3,1,55741.00,50.00,737635.00,'1qLdZ0Ex1Dgt8GPs',NULL,NULL,NULL,NULL,'Seeded',NULL,'FAILED','POS',NULL,NULL,NULL,NULL,'2023-03-17 08:46:02','2023-05-01 14:53:07'),(27,16,3,1,61748.00,82.00,374441.00,'UhLZY0qdzmUulCXN',NULL,NULL,NULL,NULL,'Seeded',NULL,'PENDING','POS',NULL,NULL,NULL,NULL,'2023-04-22 18:31:15','2023-05-01 14:53:07'),(28,16,3,7,90402.00,9.00,106744.00,'Hj9FUGwLrKDPFYha',NULL,NULL,NULL,NULL,'Seeded',NULL,'PENDING','POS',NULL,NULL,NULL,NULL,'2023-04-16 08:28:37','2023-05-01 14:53:07'),(29,16,3,1,334.00,57.00,97017.00,'EDCbNB2CwtUxYIbo',NULL,NULL,NULL,NULL,'Seeded',NULL,'PENDING','POS',NULL,NULL,NULL,NULL,'2023-04-15 23:41:53','2023-05-01 14:53:07'),(30,16,3,4,13927.00,54.00,424695.00,'BI35PZ68P7Ew7Gki',NULL,NULL,NULL,NULL,'Seeded',NULL,'FAILED','POS',NULL,NULL,NULL,NULL,'2023-03-03 10:30:15','2023-05-01 14:53:07'),(31,16,3,1,74211.00,24.00,759511.00,'zpphuye4ubeAxPnP',NULL,NULL,NULL,NULL,'Seeded',NULL,'SUCCESSFUL','POS',NULL,NULL,NULL,NULL,'2023-03-12 18:27:47','2023-05-01 14:53:07'),(32,16,3,6,93459.00,78.00,177750.00,'5mObIzweN1w9IXrd',NULL,NULL,NULL,NULL,'Seeded',NULL,'PENDING','POS',NULL,NULL,NULL,NULL,'2023-03-05 11:13:00','2023-05-01 14:53:07'),(33,16,3,7,654.00,37.00,230452.00,'IMHp9ZIj6LKXDmuI',NULL,NULL,NULL,NULL,'Seeded',NULL,'PENDING','POS',NULL,NULL,NULL,NULL,'2023-04-03 02:22:58','2023-05-01 14:53:07'),(34,16,3,3,50066.00,11.00,520266.00,'ryAUqeuBZTyytyEz',NULL,NULL,NULL,NULL,'Seeded',NULL,'SUCCESSFUL','POS',NULL,NULL,NULL,NULL,'2023-04-27 14:54:53','2023-05-01 14:53:07'),(35,16,3,3,33276.00,67.00,697469.00,'NfXSdLhSdeMtAIUt',NULL,NULL,NULL,NULL,'Seeded',NULL,'SUCCESSFUL','POS',NULL,NULL,NULL,NULL,'2023-04-11 14:01:34','2023-05-01 14:53:07'),(36,16,3,2,86986.00,32.00,633777.00,'gs0W0juzcXP67wtT',NULL,NULL,NULL,NULL,'Seeded',NULL,'SUCCESSFUL','POS',NULL,NULL,NULL,NULL,'2023-03-08 15:10:07','2023-05-01 14:53:07'),(37,17,4,4,33448.00,87.00,725397.00,'6pZBQu5dOFITXPDU',NULL,NULL,NULL,NULL,'Seeded',NULL,'SUCCESSFUL','POS',NULL,NULL,NULL,NULL,'2023-04-20 08:58:03','2023-05-01 14:53:07'),(38,17,4,7,77477.00,38.00,771054.00,'qoxMFlqSvsmZIR1I',NULL,NULL,NULL,NULL,'Seeded',NULL,'FAILED','POS',NULL,NULL,NULL,NULL,'2023-04-12 14:21:00','2023-05-01 14:53:07'),(39,17,4,1,30453.00,16.00,132959.00,'D3iwgXowovHnyuGW',NULL,NULL,NULL,NULL,'Seeded',NULL,'FAILED','POS',NULL,NULL,NULL,NULL,'2023-04-23 14:57:27','2023-05-01 14:53:07'),(40,17,4,3,97449.00,90.00,783990.00,'MriiCA9hpHuNmrmI',NULL,NULL,NULL,NULL,'Seeded',NULL,'FAILED','POS',NULL,NULL,NULL,NULL,'2023-04-22 05:00:23','2023-05-01 14:53:07'),(41,17,4,2,20155.00,61.00,204959.00,'9vYInjdbm7uqvdD7',NULL,NULL,NULL,NULL,'Seeded',NULL,'PENDING','POS',NULL,NULL,NULL,NULL,'2023-04-26 12:35:18','2023-05-01 14:53:07'),(42,17,4,8,74649.00,20.00,314108.00,'kJTXFAD1PcRGacGY',NULL,NULL,NULL,NULL,'Seeded',NULL,'FAILED','POS',NULL,NULL,NULL,NULL,'2023-03-23 11:50:09','2023-05-01 14:53:07'),(43,17,4,2,29210.00,14.00,307082.00,'P7x5baCSio3R1Htm',NULL,NULL,NULL,NULL,'Seeded',NULL,'FAILED','POS',NULL,NULL,NULL,NULL,'2023-04-20 11:27:36','2023-05-01 14:53:07'),(44,17,4,6,40122.00,91.00,892014.00,'ZnlZioTlqfCZ3GSn',NULL,NULL,NULL,NULL,'Seeded',NULL,'SUCCESSFUL','POS',NULL,NULL,NULL,NULL,'2023-04-16 04:26:11','2023-05-01 14:53:07'),(45,17,4,5,96612.00,77.00,597604.00,'20BOhfH8eBIOA3U6',NULL,NULL,NULL,NULL,'Seeded',NULL,'PENDING','POS',NULL,NULL,NULL,NULL,'2023-04-13 23:06:20','2023-05-01 14:53:07'),(46,17,4,2,73048.00,73.00,450710.00,'d7b2ki3uwKuaZobY',NULL,NULL,NULL,NULL,'Seeded',NULL,'SUCCESSFUL','POS',NULL,NULL,NULL,NULL,'2023-04-23 11:42:16','2023-05-01 14:53:07'),(47,17,4,4,94700.00,98.00,603831.00,'H1XMDFmVguY2kmBZ',NULL,NULL,NULL,NULL,'Seeded',NULL,'FAILED','POS',NULL,NULL,NULL,NULL,'2023-04-26 05:20:50','2023-05-01 14:53:07'),(48,17,4,7,46247.00,31.00,538271.00,'TcS6jkCvjLGZxYXY',NULL,NULL,NULL,NULL,'Seeded',NULL,'FAILED','POS',NULL,NULL,NULL,NULL,'2023-04-12 19:34:01','2023-05-01 14:53:07'),(49,17,4,6,6434.00,26.00,795830.00,'2Q2in5EF2L0AhjS2',NULL,NULL,NULL,NULL,'Seeded',NULL,'PENDING','POS',NULL,NULL,NULL,NULL,'2023-04-19 15:21:55','2023-05-01 14:53:07'),(50,17,4,5,71954.00,74.00,91634.00,'GL3vdSaIpxWA2dUR',NULL,NULL,NULL,NULL,'Seeded',NULL,'PENDING','POS',NULL,NULL,NULL,NULL,'2023-04-10 17:36:40','2023-05-01 14:53:07'),(51,17,4,8,84286.00,87.00,789231.00,'RLv2iG3yailAQ5f5',NULL,NULL,NULL,NULL,'Seeded',NULL,'PENDING','POS',NULL,NULL,NULL,NULL,'2023-04-21 22:36:56','2023-05-01 14:53:07'),(52,18,5,1,65013.00,97.00,787945.00,'lOBvOYaTzG6lEVpv',NULL,NULL,NULL,NULL,'Seeded',NULL,'FAILED','POS',NULL,NULL,NULL,NULL,'2023-03-06 08:03:52','2023-05-01 14:53:07'),(53,18,5,3,29450.00,45.00,430932.00,'xHDaOQCA1tXDaLHH',NULL,NULL,NULL,NULL,'Seeded',NULL,'FAILED','POS',NULL,NULL,NULL,NULL,'2023-04-20 21:56:09','2023-05-01 14:53:07'),(54,18,5,4,71055.00,43.00,848010.00,'BLpiSWSLl00BP7S3',NULL,NULL,NULL,NULL,'Seeded',NULL,'PENDING','POS',NULL,NULL,NULL,NULL,'2023-03-26 13:07:45','2023-05-01 14:53:07'),(55,18,5,3,55153.00,39.00,891577.00,'C3PJECcgXW9WCJ0C',NULL,NULL,NULL,NULL,'Seeded',NULL,'PENDING','POS',NULL,NULL,NULL,NULL,'2023-04-29 01:03:54','2023-05-01 14:53:07'),(56,18,5,4,67497.00,73.00,247238.00,'4ttbpY4Ud9vUnjtQ',NULL,NULL,NULL,NULL,'Seeded',NULL,'SUCCESSFUL','POS',NULL,NULL,NULL,NULL,'2023-03-17 02:56:30','2023-05-01 14:53:07'),(57,18,5,2,32426.00,57.00,436753.00,'B8x7uYghqsr3Fe91',NULL,NULL,NULL,NULL,'Seeded',NULL,'SUCCESSFUL','POS',NULL,NULL,NULL,NULL,'2023-03-01 23:26:59','2023-05-01 14:53:07'),(58,18,5,6,44266.00,67.00,811266.00,'4xyyN8KGoV4J9vlr',NULL,NULL,NULL,NULL,'Seeded',NULL,'FAILED','POS',NULL,NULL,NULL,NULL,'2023-03-13 23:24:46','2023-05-01 14:53:07'),(59,18,5,1,2804.00,37.00,72021.00,'t4FyCUEGDs5pQcbu',NULL,NULL,NULL,NULL,'Seeded',NULL,'FAILED','POS',NULL,NULL,NULL,NULL,'2023-04-16 05:22:16','2023-05-01 14:53:07'),(60,18,5,3,50834.00,30.00,952396.00,'AXCMtfDXWuhXBcFN',NULL,NULL,NULL,NULL,'Seeded',NULL,'PENDING','POS',NULL,NULL,NULL,NULL,'2023-03-03 23:21:43','2023-05-01 14:53:07'),(61,18,5,1,25957.00,59.00,778201.00,'cWfijO4gM1IAHJgp',NULL,NULL,NULL,NULL,'Seeded',NULL,'FAILED','POS',NULL,NULL,NULL,NULL,'2023-04-14 03:15:50','2023-05-01 14:53:07'),(62,18,5,3,26037.00,81.00,615199.00,'40Xwwev8l8vJ5jav',NULL,NULL,NULL,NULL,'Seeded',NULL,'FAILED','POS',NULL,NULL,NULL,NULL,'2023-03-27 03:57:32','2023-05-01 14:53:07'),(63,18,5,3,67626.00,11.00,814001.00,'SDCjN8cE4jTXZZy6',NULL,NULL,NULL,NULL,'Seeded',NULL,'PENDING','POS',NULL,NULL,NULL,NULL,'2023-04-18 20:55:15','2023-05-01 14:53:07'),(64,19,6,2,1710.00,29.00,140385.00,'PTkyBdvLgVTbfgaU',NULL,NULL,NULL,NULL,'Seeded',NULL,'SUCCESSFUL','POS',NULL,NULL,NULL,NULL,'2023-04-09 13:34:11','2023-05-01 14:53:07'),(65,19,6,1,58924.00,36.00,495407.00,'keYZJElS9mOB4B5W',NULL,NULL,NULL,NULL,'Seeded',NULL,'SUCCESSFUL','POS',NULL,NULL,NULL,NULL,'2023-03-20 18:40:18','2023-05-01 14:53:07'),(66,19,6,5,2097.00,82.00,783628.00,'1QQM3qKIadghZSFi',NULL,NULL,NULL,NULL,'Seeded',NULL,'FAILED','POS',NULL,NULL,NULL,NULL,'2023-04-15 19:56:03','2023-05-01 14:53:07'),(67,19,6,6,53268.00,64.00,787583.00,'1wAD7TSilcIfQuHA',NULL,NULL,NULL,NULL,'Seeded',NULL,'SUCCESSFUL','POS',NULL,NULL,NULL,NULL,'2023-04-21 18:58:54','2023-05-01 14:53:07'),(68,19,6,5,10734.00,25.00,507071.00,'U53LG3JxantfjeT4',NULL,NULL,NULL,NULL,'Seeded',NULL,'FAILED','POS',NULL,NULL,NULL,NULL,'2023-03-22 01:38:24','2023-05-01 14:53:07'),(69,19,6,6,72665.00,75.00,638045.00,'D7dl3Vz1K5jA8lxS',NULL,NULL,NULL,NULL,'Seeded',NULL,'SUCCESSFUL','POS',NULL,NULL,NULL,NULL,'2023-03-02 07:44:36','2023-05-01 14:53:07'),(70,19,6,4,32653.00,94.00,497115.00,'SH8O2fvRCttnlFWy',NULL,NULL,NULL,NULL,'Seeded',NULL,'SUCCESSFUL','POS',NULL,NULL,NULL,NULL,'2023-04-26 04:45:09','2023-05-01 14:53:07'),(71,19,6,5,9871.00,5.00,282101.00,'AeuOYh8a9CxMCMba',NULL,NULL,NULL,NULL,'Seeded',NULL,'FAILED','POS',NULL,NULL,NULL,NULL,'2023-04-17 17:20:50','2023-05-01 14:53:07'),(72,19,6,4,56446.00,44.00,944669.00,'624gfVtDa8BgPY6u',NULL,NULL,NULL,NULL,'Seeded',NULL,'PENDING','POS',NULL,NULL,NULL,NULL,'2023-03-22 20:22:43','2023-05-01 14:53:07'),(73,19,6,8,69074.00,80.00,895531.00,'0vxYotTV0EnmkDcZ',NULL,NULL,NULL,NULL,'Seeded',NULL,'FAILED','POS',NULL,NULL,NULL,NULL,'2023-03-08 06:06:25','2023-05-01 14:53:07'),(74,19,6,1,53511.00,75.00,555156.00,'JTP2fxWO1oJWWxiY',NULL,NULL,NULL,NULL,'Seeded',NULL,'FAILED','POS',NULL,NULL,NULL,NULL,'2023-04-21 05:36:13','2023-05-01 14:53:07'),(75,20,7,5,37922.00,45.00,807963.00,'aJo4FAl0XLxWGoPC',NULL,NULL,NULL,NULL,'Seeded',NULL,'FAILED','POS',NULL,NULL,NULL,NULL,'2023-04-04 01:30:02','2023-05-01 14:53:07'),(76,20,7,2,95012.00,83.00,401502.00,'3AIbDwhcewqeepGU',NULL,NULL,NULL,NULL,'Seeded',NULL,'SUCCESSFUL','POS',NULL,NULL,NULL,NULL,'2023-04-25 18:41:24','2023-05-01 14:53:07'),(77,20,7,3,43983.00,84.00,739025.00,'Z4gk0PsZoTeWh9Dw',NULL,NULL,NULL,NULL,'Seeded',NULL,'SUCCESSFUL','POS',NULL,NULL,NULL,NULL,'2023-03-19 21:28:21','2023-05-01 14:53:07'),(78,20,7,4,84288.00,47.00,728595.00,'61J39cnh4TV6yHWa',NULL,NULL,NULL,NULL,'Seeded',NULL,'SUCCESSFUL','POS',NULL,NULL,NULL,NULL,'2023-03-07 13:37:50','2023-05-01 14:53:07'),(79,20,7,5,91903.00,17.00,430604.00,'UsxQYw3rx2hFmocz',NULL,NULL,NULL,NULL,'Seeded',NULL,'PENDING','POS',NULL,NULL,NULL,NULL,'2023-03-18 14:59:11','2023-05-01 14:53:07'),(80,20,7,7,2891.00,67.00,868531.00,'gVSlQZt2vHFI46bw',NULL,NULL,NULL,NULL,'Seeded',NULL,'PENDING','POS',NULL,NULL,NULL,NULL,'2023-03-16 09:46:07','2023-05-01 14:53:07'),(81,20,7,3,14387.00,16.00,54641.00,'KQPDjYlzAFCX8Pd7',NULL,NULL,NULL,NULL,'Seeded',NULL,'PENDING','POS',NULL,NULL,NULL,NULL,'2023-04-30 11:26:26','2023-05-01 14:53:07'),(82,20,7,7,17860.00,98.00,444668.00,'2cjDIU9COCcyxyzn',NULL,NULL,NULL,NULL,'Seeded',NULL,'FAILED','POS',NULL,NULL,NULL,NULL,'2023-03-23 11:30:29','2023-05-01 14:53:07'),(83,20,7,3,80751.00,40.00,720671.00,'OM5t70E5ZF9YlrdE',NULL,NULL,NULL,NULL,'Seeded',NULL,'SUCCESSFUL','POS',NULL,NULL,NULL,NULL,'2023-03-16 23:16:48','2023-05-01 14:53:07'),(84,20,7,7,52263.00,83.00,374685.00,'kdnlTlOagzFUa6hE',NULL,NULL,NULL,NULL,'Seeded',NULL,'FAILED','POS',NULL,NULL,NULL,NULL,'2023-04-19 09:47:56','2023-05-01 14:53:07'),(85,20,7,7,60134.00,62.00,900503.00,'upvjjTqldTyWW9Vm',NULL,NULL,NULL,NULL,'Seeded',NULL,'FAILED','POS',NULL,NULL,NULL,NULL,'2023-04-06 05:59:59','2023-05-01 14:53:07'),(86,20,7,6,8464.00,47.00,236509.00,'ilW27csCFBkIq5kh',NULL,NULL,NULL,NULL,'Seeded',NULL,'SUCCESSFUL','POS',NULL,NULL,NULL,NULL,'2023-03-26 12:30:39','2023-05-01 14:53:07'),(87,20,7,3,77449.00,24.00,197206.00,'WdcHacTGVPdMWvpv',NULL,NULL,NULL,NULL,'Seeded',NULL,'FAILED','POS',NULL,NULL,NULL,NULL,'2023-03-29 20:19:39','2023-05-01 14:53:07'),(88,21,8,4,23311.00,33.00,382236.00,'kIdarXvIZcOwE74s',NULL,NULL,NULL,NULL,'Seeded',NULL,'FAILED','POS',NULL,NULL,NULL,NULL,'2023-03-29 11:14:59','2023-05-01 14:53:07'),(89,21,8,6,52273.00,53.00,898695.00,'u7al2ArEHQz4MTwH',NULL,NULL,NULL,NULL,'Seeded',NULL,'FAILED','POS',NULL,NULL,NULL,NULL,'2023-04-03 01:12:47','2023-05-01 14:53:07'),(90,21,8,6,18990.00,1.00,76409.00,'bjBwMtj1UHtqfvzs',NULL,NULL,NULL,NULL,'Seeded',NULL,'SUCCESSFUL','POS',NULL,NULL,NULL,NULL,'2023-04-27 00:34:43','2023-05-01 14:53:07'),(91,21,8,4,73288.00,78.00,103497.00,'8XCG3WwW6iyYiw2W',NULL,NULL,NULL,NULL,'Seeded',NULL,'PENDING','POS',NULL,NULL,NULL,NULL,'2023-03-31 17:40:11','2023-05-01 14:53:07'),(92,21,8,8,88374.00,83.00,764922.00,'gDzIBHoRcJBWNKb6',NULL,NULL,NULL,NULL,'Seeded',NULL,'SUCCESSFUL','POS',NULL,NULL,NULL,NULL,'2023-04-05 08:54:27','2023-05-01 14:53:07'),(93,21,8,6,92646.00,70.00,232088.00,'J3UNKsbOFNdkI828',NULL,NULL,NULL,NULL,'Seeded',NULL,'FAILED','POS',NULL,NULL,NULL,NULL,'2023-03-18 06:40:43','2023-05-01 14:53:07'),(94,21,8,3,70352.00,21.00,901629.00,'Gy77PudjFYXK8dYw',NULL,NULL,NULL,NULL,'Seeded',NULL,'FAILED','POS',NULL,NULL,NULL,NULL,'2023-04-12 03:20:25','2023-05-01 14:53:07'),(95,21,8,4,82161.00,39.00,318022.00,'HmGnRn1d5Ho0W4xX',NULL,NULL,NULL,NULL,'Seeded',NULL,'FAILED','POS',NULL,NULL,NULL,NULL,'2023-04-07 16:43:30','2023-05-01 14:53:07'),(96,21,8,3,42972.00,74.00,244193.00,'BlL6YZupvsRqucQE',NULL,NULL,NULL,NULL,'Seeded',NULL,'FAILED','POS',NULL,NULL,NULL,NULL,'2023-03-02 20:30:40','2023-05-01 14:53:07'),(97,21,8,2,71897.00,27.00,969759.00,'6sywUxJJvUemHahp',NULL,NULL,NULL,NULL,'Seeded',NULL,'SUCCESSFUL','POS',NULL,NULL,NULL,NULL,'2023-04-27 15:48:57','2023-05-01 14:53:07'),(98,22,9,2,48605.00,42.00,833750.00,'8u9gshb5Yk7qvQMv',NULL,NULL,NULL,NULL,'Seeded',NULL,'PENDING','POS',NULL,NULL,NULL,NULL,'2023-04-06 12:17:42','2023-05-01 14:53:07'),(99,22,9,4,42428.00,68.00,177806.00,'bCWMa2NvBQZJHPNa',NULL,NULL,NULL,NULL,'Seeded',NULL,'FAILED','POS',NULL,NULL,NULL,NULL,'2023-04-28 02:34:25','2023-05-01 14:53:07'),(100,22,9,3,44366.00,31.00,955548.00,'6ivpOonipx6PPfRd',NULL,NULL,NULL,NULL,'Seeded',NULL,'PENDING','POS',NULL,NULL,NULL,NULL,'2023-03-19 00:34:36','2023-05-01 14:53:07'),(101,22,9,1,63384.00,49.00,874108.00,'oGZVP8FvhanBUDpf',NULL,NULL,NULL,NULL,'Seeded',NULL,'FAILED','POS',NULL,NULL,NULL,NULL,'2023-03-21 10:37:43','2023-05-01 14:53:07'),(102,22,9,6,51621.00,24.00,462032.00,'Q5Y4xQHzTCIIugbO',NULL,NULL,NULL,NULL,'Seeded',NULL,'PENDING','POS',NULL,NULL,NULL,NULL,'2023-03-15 07:23:16','2023-05-01 14:53:07'),(103,22,9,3,80846.00,45.00,388781.00,'qHxwasXr4W5ins8a',NULL,NULL,NULL,NULL,'Seeded',NULL,'FAILED','POS',NULL,NULL,NULL,NULL,'2023-03-16 18:36:17','2023-05-01 14:53:07'),(104,22,9,2,71396.00,68.00,369399.00,'cDljB7CK6nBa6lyc',NULL,NULL,NULL,NULL,'Seeded',NULL,'FAILED','POS',NULL,NULL,NULL,NULL,'2023-03-04 18:15:19','2023-05-01 14:53:07'),(105,22,9,4,1810.00,0.00,202430.00,'qdcRH1tyaOnvmfEM',NULL,NULL,NULL,NULL,'Seeded',NULL,'FAILED','POS',NULL,NULL,NULL,NULL,'2023-04-29 18:44:30','2023-05-01 14:53:07'),(106,22,9,8,64428.00,96.00,635987.00,'qMYpk0vKqGsO3CBE',NULL,NULL,NULL,NULL,'Seeded',NULL,'SUCCESSFUL','POS',NULL,NULL,NULL,NULL,'2023-04-26 22:18:11','2023-05-01 14:53:07'),(107,22,9,4,10257.00,92.00,122518.00,'Xdr2WV1FN3UMMwKW',NULL,NULL,NULL,NULL,'Seeded',NULL,'SUCCESSFUL','POS',NULL,NULL,NULL,NULL,'2023-03-24 23:55:59','2023-05-01 14:53:07'),(108,22,9,1,39829.00,12.00,935695.00,'VybW9bRvNFYKFDkw',NULL,NULL,NULL,NULL,'Seeded',NULL,'FAILED','POS',NULL,NULL,NULL,NULL,'2023-04-13 04:40:30','2023-05-01 14:53:07'),(109,22,9,6,580.00,88.00,871598.00,'yAsNHItpQY5Kstq5',NULL,NULL,NULL,NULL,'Seeded',NULL,'SUCCESSFUL','POS',NULL,NULL,NULL,NULL,'2023-04-20 13:22:15','2023-05-01 14:53:07'),(110,23,10,3,9062.00,3.00,371356.00,'uZVcwpSEw7xGQT3f',NULL,NULL,NULL,NULL,'Seeded',NULL,'PENDING','POS',NULL,NULL,NULL,NULL,'2023-03-20 11:25:43','2023-05-01 14:53:07'),(111,23,10,8,47997.00,17.00,255749.00,'g4pFajI1jLiDjArt',NULL,NULL,NULL,NULL,'Seeded',NULL,'FAILED','POS',NULL,NULL,NULL,NULL,'2023-03-31 07:17:10','2023-05-01 14:53:07'),(112,23,10,3,28082.00,74.00,45232.00,'f2Kb0bvg6csZzCt1',NULL,NULL,NULL,NULL,'Seeded',NULL,'FAILED','POS',NULL,NULL,NULL,NULL,'2023-04-06 06:13:47','2023-05-01 14:53:07'),(113,23,10,8,39640.00,26.00,686428.00,'inGEL53O6Q06KNpU',NULL,NULL,NULL,NULL,'Seeded',NULL,'PENDING','POS',NULL,NULL,NULL,NULL,'2023-03-09 01:57:23','2023-05-01 14:53:07'),(114,23,10,6,60694.00,66.00,276815.00,'zdv94wcswaMQq633',NULL,NULL,NULL,NULL,'Seeded',NULL,'PENDING','POS',NULL,NULL,NULL,NULL,'2023-04-10 15:44:54','2023-05-01 14:53:07'),(115,23,10,8,3503.00,0.00,834103.00,'NK6e61dN5yNmrpv8',NULL,NULL,NULL,NULL,'Seeded',NULL,'SUCCESSFUL','POS',NULL,NULL,NULL,NULL,'2023-04-11 23:00:08','2023-05-01 14:53:07'),(116,23,10,7,85684.00,72.00,402365.00,'BU4vImmReh3Kn0QK',NULL,NULL,NULL,NULL,'Seeded',NULL,'FAILED','POS',NULL,NULL,NULL,NULL,'2023-03-17 12:56:55','2023-05-01 14:53:07'),(117,23,10,5,51596.00,10.00,758892.00,'Cp0MMk9B6K3SYAoI',NULL,NULL,NULL,NULL,'Seeded',NULL,'PENDING','POS',NULL,NULL,NULL,NULL,'2023-03-09 15:06:22','2023-05-01 14:53:07'),(118,23,10,3,77128.00,84.00,38448.00,'JoEE0aLJWEobi1Wf',NULL,NULL,NULL,NULL,'Seeded',NULL,'PENDING','POS',NULL,NULL,NULL,NULL,'2023-03-24 08:08:57','2023-05-01 14:53:07'),(119,23,10,2,23939.00,4.00,954929.00,'nKUVVABt9NMiR2zm',NULL,NULL,NULL,NULL,'Seeded',NULL,'FAILED','POS',NULL,NULL,NULL,NULL,'2023-03-24 19:18:08','2023-05-01 14:53:07'),(120,23,10,2,86261.00,91.00,808621.00,'ZjWcwLe9lJ5q2tLa',NULL,NULL,NULL,NULL,'Seeded',NULL,'PENDING','POS',NULL,NULL,NULL,NULL,'2023-04-19 23:26:38','2023-05-01 14:53:07'),(121,23,10,2,79574.00,87.00,315786.00,'v96D8riNV5HSCV5W',NULL,NULL,NULL,NULL,'Seeded',NULL,'PENDING','POS',NULL,NULL,NULL,NULL,'2023-03-28 21:44:43','2023-05-01 14:53:07'),(122,24,11,4,72527.00,82.00,332831.00,'lKKGz1crunHNFfBc',NULL,NULL,NULL,NULL,'Seeded',NULL,'FAILED','POS',NULL,NULL,NULL,NULL,'2023-04-12 10:44:12','2023-05-01 14:53:07'),(123,24,11,5,30617.00,15.00,581076.00,'q9de0ghGNgPDZ4Kh',NULL,NULL,NULL,NULL,'Seeded',NULL,'PENDING','POS',NULL,NULL,NULL,NULL,'2023-04-12 17:58:00','2023-05-01 14:53:07'),(124,24,11,5,65891.00,54.00,883665.00,'TPBAtSRDtJ8bkiFk',NULL,NULL,NULL,NULL,'Seeded',NULL,'FAILED','POS',NULL,NULL,NULL,NULL,'2023-04-10 07:33:25','2023-05-01 14:53:07'),(125,24,11,5,43265.00,67.00,911530.00,'mJ7QUpB7hE2YUTrJ',NULL,NULL,NULL,NULL,'Seeded',NULL,'SUCCESSFUL','POS',NULL,NULL,NULL,NULL,'2023-04-25 05:16:35','2023-05-01 14:53:07'),(126,24,11,3,10742.00,91.00,815180.00,'2hLjB6u9T7KXJdGd',NULL,NULL,NULL,NULL,'Seeded',NULL,'PENDING','POS',NULL,NULL,NULL,NULL,'2023-04-04 12:55:18','2023-05-01 14:53:07'),(127,24,11,2,98738.00,24.00,770037.00,'Xtcw06lyuvFcxoX6',NULL,NULL,NULL,NULL,'Seeded',NULL,'PENDING','POS',NULL,NULL,NULL,NULL,'2023-04-21 05:18:48','2023-05-01 14:53:07'),(128,24,11,7,13401.00,50.00,40924.00,'eX3ilBhHoHkU7kIw',NULL,NULL,NULL,NULL,'Seeded',NULL,'FAILED','POS',NULL,NULL,NULL,NULL,'2023-04-07 12:06:11','2023-05-01 14:53:07'),(129,24,11,4,24506.00,87.00,577495.00,'eUMl00hoYp4xUS59',NULL,NULL,NULL,NULL,'Seeded',NULL,'PENDING','POS',NULL,NULL,NULL,NULL,'2023-04-05 11:12:15','2023-05-01 14:53:07'),(130,24,11,7,22834.00,49.00,140786.00,'gZItHcY6tpffiavU',NULL,NULL,NULL,NULL,'Seeded',NULL,'PENDING','POS',NULL,NULL,NULL,NULL,'2023-04-30 13:20:43','2023-05-01 14:53:07'),(131,24,11,8,63508.00,98.00,1974.00,'r7MlQfdJi3HGUN7S',NULL,NULL,NULL,NULL,'Seeded',NULL,'FAILED','POS',NULL,NULL,NULL,NULL,'2023-03-03 05:06:32','2023-05-01 14:53:07'),(132,25,12,4,58116.00,18.00,849925.00,'xLT6bnQF7bN2evyG',NULL,NULL,NULL,NULL,'Seeded',NULL,'PENDING','POS',NULL,NULL,NULL,NULL,'2023-04-01 20:30:06','2023-05-01 14:53:07'),(133,25,12,7,90314.00,84.00,783341.00,'O2wwNYzKFhrTX8oD',NULL,NULL,NULL,NULL,'Seeded',NULL,'PENDING','POS',NULL,NULL,NULL,NULL,'2023-04-25 18:24:40','2023-05-01 14:53:07'),(134,25,12,7,98219.00,93.00,958857.00,'8hDgRVkNv3ertyo9',NULL,NULL,NULL,NULL,'Seeded',NULL,'FAILED','POS',NULL,NULL,NULL,NULL,'2023-03-21 11:52:54','2023-05-01 14:53:07'),(135,25,12,6,80382.00,51.00,152962.00,'CgTKEMqi5jNxYPvh',NULL,NULL,NULL,NULL,'Seeded',NULL,'PENDING','POS',NULL,NULL,NULL,NULL,'2023-03-11 07:40:57','2023-05-01 14:53:07'),(136,25,12,1,55555.00,87.00,531616.00,'bVqQM6ORXiKWqWEt',NULL,NULL,NULL,NULL,'Seeded',NULL,'FAILED','POS',NULL,NULL,NULL,NULL,'2023-03-21 08:00:20','2023-05-01 14:53:07'),(137,25,12,3,43345.00,28.00,198167.00,'XIOAAKNYqvW7kBWH',NULL,NULL,NULL,NULL,'Seeded',NULL,'PENDING','POS',NULL,NULL,NULL,NULL,'2023-04-23 06:27:38','2023-05-01 14:53:07'),(138,25,12,7,28582.00,39.00,927206.00,'x1KKVJFpJHOT0nnv',NULL,NULL,NULL,NULL,'Seeded',NULL,'SUCCESSFUL','POS',NULL,NULL,NULL,NULL,'2023-03-12 00:49:33','2023-05-01 14:53:07'),(139,25,12,8,86164.00,78.00,690384.00,'7GrRkvczPef7Y9Du',NULL,NULL,NULL,NULL,'Seeded',NULL,'FAILED','POS',NULL,NULL,NULL,NULL,'2023-04-26 14:52:21','2023-05-01 14:53:07'),(140,25,12,3,44871.00,44.00,194541.00,'we72svJ2FOQyCDgs',NULL,NULL,NULL,NULL,'Seeded',NULL,'FAILED','POS',NULL,NULL,NULL,NULL,'2023-03-16 14:11:03','2023-05-01 14:53:07'),(141,25,12,1,89938.00,58.00,634027.00,'QKjh7OUJTc7dC6q7',NULL,NULL,NULL,NULL,'Seeded',NULL,'PENDING','POS',NULL,NULL,NULL,NULL,'2023-03-03 08:00:02','2023-05-01 14:53:07'),(142,25,12,8,77241.00,32.00,490375.00,'hyaGpjlocwRgH4fz',NULL,NULL,NULL,NULL,'Seeded',NULL,'FAILED','POS',NULL,NULL,NULL,NULL,'2023-04-20 10:55:35','2023-05-01 14:53:07'),(143,25,12,1,56005.00,26.00,889665.00,'1nMa0Pkb95kE7nAO',NULL,NULL,NULL,NULL,'Seeded',NULL,'PENDING','POS',NULL,NULL,NULL,NULL,'2023-04-23 09:40:11','2023-05-01 14:53:07'),(144,25,12,7,78157.00,24.00,70791.00,'Hy9hmXJAF2uf4Xk6',NULL,NULL,NULL,NULL,'Seeded',NULL,'FAILED','POS',NULL,NULL,NULL,NULL,'2023-03-02 19:38:15','2023-05-01 14:53:07'),(145,26,13,5,50059.00,56.00,164322.00,'JseQzqt3Zj95atfo',NULL,NULL,NULL,NULL,'Seeded',NULL,'PENDING','POS',NULL,NULL,NULL,NULL,'2023-04-09 11:37:16','2023-05-01 14:53:07'),(146,26,13,2,34244.00,14.00,226108.00,'2SNQQYrrjpVFAIHW',NULL,NULL,NULL,NULL,'Seeded',NULL,'FAILED','POS',NULL,NULL,NULL,NULL,'2023-04-12 08:07:45','2023-05-01 14:53:07'),(147,26,13,6,21751.00,94.00,677460.00,'Dk746RPAtZmZO44r',NULL,NULL,NULL,NULL,'Seeded',NULL,'SUCCESSFUL','POS',NULL,NULL,NULL,NULL,'2023-03-14 12:15:29','2023-05-01 14:53:07'),(148,26,13,6,92608.00,48.00,455187.00,'M6c3FW6OtINkJVje',NULL,NULL,NULL,NULL,'Seeded',NULL,'FAILED','POS',NULL,NULL,NULL,NULL,'2023-03-22 04:35:10','2023-05-01 14:53:07'),(149,26,13,1,7350.00,15.00,965019.00,'r535fVabwR3Fq0TM',NULL,NULL,NULL,NULL,'Seeded',NULL,'SUCCESSFUL','POS',NULL,NULL,NULL,NULL,'2023-04-09 09:10:52','2023-05-01 14:53:07'),(150,26,13,8,57800.00,80.00,149537.00,'9CH7q9jCVcXjF4PI',NULL,NULL,NULL,NULL,'Seeded',NULL,'FAILED','POS',NULL,NULL,NULL,NULL,'2023-04-30 23:52:40','2023-05-01 14:53:07'),(151,26,13,1,40453.00,62.00,157672.00,'6DkA6ecRTeKec7i7',NULL,NULL,NULL,NULL,'Seeded',NULL,'PENDING','POS',NULL,NULL,NULL,NULL,'2023-03-27 05:30:24','2023-05-01 14:53:07'),(152,26,13,3,4620.00,40.00,334386.00,'K06cHBgmvxjOyWgK',NULL,NULL,NULL,NULL,'Seeded',NULL,'PENDING','POS',NULL,NULL,NULL,NULL,'2023-03-03 04:47:52','2023-05-01 14:53:07'),(153,26,13,8,66341.00,24.00,665239.00,'NP0P0XDmgeRefKHx',NULL,NULL,NULL,NULL,'Seeded',NULL,'FAILED','POS',NULL,NULL,NULL,NULL,'2023-03-28 03:36:55','2023-05-01 14:53:07'),(154,26,13,6,75306.00,37.00,615699.00,'9N9l0MARJJBE9uan',NULL,NULL,NULL,NULL,'Seeded',NULL,'FAILED','POS',NULL,NULL,NULL,NULL,'2023-04-04 16:24:26','2023-05-01 14:53:07'),(155,26,13,1,70923.00,4.00,402995.00,'hGcdKvj4ytgmcKXm',NULL,NULL,NULL,NULL,'Seeded',NULL,'PENDING','POS',NULL,NULL,NULL,NULL,'2023-04-25 15:42:07','2023-05-01 14:53:07'),(156,26,13,3,80671.00,31.00,582656.00,'vhfCUQ5SvpV0Gsbf',NULL,NULL,NULL,NULL,'Seeded',NULL,'FAILED','POS',NULL,NULL,NULL,NULL,'2023-04-26 14:56:16','2023-05-01 14:53:07');
/*!40000 ALTER TABLE `transactions` ENABLE KEYS */;
UNLOCK TABLES;

--
-- Table structure for table `users`
--

DROP TABLE IF EXISTS `users`;
/*!40101 SET @saved_cs_client     = @@character_set_client */;
/*!50503 SET character_set_client = utf8mb4 */;
CREATE TABLE `users` (
  `id` bigint unsigned NOT NULL AUTO_INCREMENT,
  `level_id` int unsigned DEFAULT NULL,
  `first_name` varchar(255) COLLATE utf8mb4_unicode_ci NOT NULL,
  `other_names` varchar(255) COLLATE utf8mb4_unicode_ci NOT NULL,
  `email` varchar(255) COLLATE utf8mb4_unicode_ci NOT NULL,
  `phone` varchar(15) COLLATE utf8mb4_unicode_ci NOT NULL,
  `gender` enum('MALE','FEMALE') COLLATE utf8mb4_unicode_ci NOT NULL,
  `dob` varchar(10) COLLATE utf8mb4_unicode_ci NOT NULL,
  `state` varchar(255) COLLATE utf8mb4_unicode_ci NOT NULL,
  `country` varchar(255) COLLATE utf8mb4_unicode_ci NOT NULL DEFAULT 'Nigeria',
  `address` mediumtext COLLATE utf8mb4_unicode_ci NOT NULL,
  `level` enum('1','2','3','4') COLLATE utf8mb4_unicode_ci NOT NULL DEFAULT '1',
  `status` enum('ACTIVE','INACTIVE','SUSPENDED','DISABLED') COLLATE utf8mb4_unicode_ci NOT NULL DEFAULT 'INACTIVE',
  `avatar` varchar(255) COLLATE utf8mb4_unicode_ci DEFAULT NULL,
  `bvn` varchar(11) COLLATE utf8mb4_unicode_ci DEFAULT NULL,
  `nin` varchar(15) COLLATE utf8mb4_unicode_ci DEFAULT NULL,
  `password_change_at` timestamp NULL DEFAULT NULL,
  `email_verified_at` timestamp NULL DEFAULT NULL,
  `password` varchar(255) COLLATE utf8mb4_unicode_ci NOT NULL,
  `session_token` varchar(255) COLLATE utf8mb4_unicode_ci DEFAULT NULL,
  `remember_token` varchar(100) COLLATE utf8mb4_unicode_ci DEFAULT NULL,
  `created_at` timestamp NULL DEFAULT NULL,
  `updated_at` timestamp NULL DEFAULT NULL,
  PRIMARY KEY (`id`),
  UNIQUE KEY `users_email_unique` (`email`),
  UNIQUE KEY `users_phone_unique` (`phone`),
  UNIQUE KEY `users_bvn_unique` (`bvn`),
  UNIQUE KEY `users_nin_unique` (`nin`)
) ENGINE=InnoDB AUTO_INCREMENT=27 DEFAULT CHARSET=utf8mb4 COLLATE=utf8mb4_unicode_ci;
/*!40101 SET character_set_client = @saved_cs_client */;

--
-- Dumping data for table `users`
--

LOCK TABLES `users` WRITE;
/*!40000 ALTER TABLE `users` DISABLE KEYS */;
INSERT INTO `users` VALUES (1,1,'Teqtms','Admin','admin@teqtms.com','09012345678','FEMALE','1999-02-15','Bartonmouth','Nigeria','88042 Tanner Valley Apt. 455','1','ACTIVE',NULL,NULL,NULL,NULL,'2023-05-01 14:53:05','$2y$10$1OsgnzsKAXzUGsPGDIEL9OTvM2u2lAHZ5HHegpxdVmGq7ZBymaVt2',NULL,'W6VaYvlZMtuTAnzZ50XYsoswWq33dZ6Byo9VcdS0oZe1sJWlzQfptkQLHbUP','2023-05-01 14:53:05','2023-05-01 14:53:05'),(2,1,'Bridie','Turner','cruickshank.jovan@example.com','+18636619321','FEMALE','1999-08-02','Port Estevanstad','Nigeria','1216 Kelli Gardens Apt. 953','1','ACTIVE',NULL,NULL,NULL,NULL,'2023-05-01 14:53:05','$2y$10$gdTgiccrNb/vGAym1f.KSumJ6uLqSaF5uhHKJrCKii2.jxXYM/hSC',NULL,NULL,'2023-05-01 14:53:05','2023-05-13 11:14:39'),(3,1,'Rosie','Weimann','kurt53@example.com','+13527688732','FEMALE','2000-07-29','Kaleborough','Nigeria','8092 Hagenes Divide Apt. 871','1','SUSPENDED',NULL,NULL,NULL,NULL,'2023-05-01 14:53:05','$2y$10$.ShyL7o0d/28fXnp4DSv3O44Ag/inu1pNL1EXqhkkTClMaTcVMRi.',NULL,NULL,'2023-05-01 14:53:05','2023-05-01 14:53:05'),(4,1,'Abbie','Herman','durgan.baron@example.org','+19512997324','FEMALE','1994-01-05','Willmsland','Nigeria','710 Howell Bridge','1','ACTIVE',NULL,NULL,NULL,NULL,'2023-05-01 14:53:05','$2y$10$wMIH3hGyzpPFuir8RLq.b.CGB5XmR/gb6QNjsGj/r6rIkVVPxiKVm',NULL,NULL,'2023-05-01 14:53:05','2023-05-01 14:53:05'),(5,1,'Merle','Bashirian','berenice11@example.com','+15079296399','FEMALE','2000-08-06','West Kyleigh','Nigeria','8847 Godfrey Gateway Apt. 073','1','ACTIVE',NULL,NULL,NULL,NULL,'2023-05-01 14:53:05','$2y$10$iFvtaNjkbQ1ehR/l3AANfOA3iJRdmQgjSOiSEnnmOrYbrUW.Y8USO',NULL,NULL,'2023-05-01 14:53:05','2023-05-01 14:53:05'),(6,1,'Jennifer','Dickens','weimann.abelardo@example.org','+14329954049','MALE','1995-07-01','Greenfurt','Nigeria','7573 Jade Shores','1','INACTIVE',NULL,NULL,NULL,NULL,'2023-05-01 14:53:05','$2y$10$r/FOeBbxqwkjQGkUmeyufOcjoh.1aEKLxGlwRz.86xX.rzlgExbx6',NULL,NULL,'2023-05-01 14:53:05','2023-05-01 14:53:05'),(7,1,'Athena','Botsford','sporer.lorine@example.net','+16088873932','FEMALE','1997-11-01','Lake Nelson','Nigeria','107 Durgan Highway','1','SUSPENDED',NULL,NULL,NULL,NULL,'2023-05-01 14:53:05','$2y$10$jTAZKfBKkXq4zMH8JPlrn.wg7sVo6G1Sv8wJng/M0zW6dR1Zi5euG',NULL,NULL,'2023-05-01 14:53:05','2023-05-01 14:53:05'),(8,1,'Savanah','Corkery','fkreiger@example.org','+13023734895','FEMALE','1999-07-03','Greenholtstad','Nigeria','8999 Hagenes River Suite 243','1','DISABLED',NULL,NULL,NULL,NULL,'2023-05-01 14:53:05','$2y$10$36M2cv8MI0nQd52bU17/A.EcXVxZdnNUfNhPnKQrtQL.DyBSx7KO2',NULL,NULL,'2023-05-01 14:53:05','2023-05-01 14:53:05'),(9,1,'Eldred','O\'Connell','herta.watsica@example.com','+14357508908','MALE','2000-05-05','Coleborough','Nigeria','701 Heller Stravenue','1','ACTIVE',NULL,NULL,NULL,NULL,'2023-05-01 14:53:05','$2y$10$qO5Sjywggm6EUFGViKyw2ONwq//UH7sbXBq02nwZc66AXKcxykDDi',NULL,NULL,'2023-05-01 14:53:05','2023-05-01 14:53:05'),(10,1,'Vaughn','Reichel','wilfrid42@example.org','+12127302645','MALE','1996-09-28','East Marcellus','Nigeria','7229 Larson Field','1','ACTIVE',NULL,NULL,NULL,NULL,'2023-05-01 14:53:05','$2y$10$Nj2Q5j5VDy9brtPd9egk0Ooh8mJ/1eDitYNJK7Yb1usEj631ceZCO',NULL,NULL,'2023-05-01 14:53:06','2023-05-15 05:33:46'),(11,1,'Marc','Gorczany','bosco.ima@example.org','+14342611451','FEMALE','1996-10-11','North Vicky','Nigeria','743 Anissa Pine','1','ACTIVE',NULL,NULL,NULL,NULL,'2023-05-01 14:53:06','$2y$10$aYxFY6mOaz3nT.x8jciAye4Yondlp05Db8BfvvAY59ldbuWhEGVwO',NULL,NULL,'2023-05-01 14:53:06','2023-05-01 14:53:06'),(12,1,'Alberto','Koepp','jarrett.rippin@example.net','+16074382048','MALE','1999-07-23','Manueltown','Nigeria','3157 Audra Plaza','1','ACTIVE',NULL,NULL,NULL,NULL,'2023-05-01 14:53:06','$2y$10$VVgnfLEpD8D/Hh0sigZ9puj9r46JYCbCMkFulSJ9Ets50z7JIInvC',NULL,NULL,'2023-05-01 14:53:06','2023-05-01 14:53:06'),(13,1,'Aileen','White','uondricka@example.net','+14135724875','MALE','1996-11-12','New Deanmouth','Nigeria','2339 Leonora Square Apt. 429','1','DISABLED',NULL,NULL,NULL,NULL,'2023-05-01 14:53:06','$2y$10$NUtbL9Yxwnit5I7d7OQX7O5Cybww39r4qoss35Ye01hOVfB0xEL4S',NULL,NULL,'2023-05-01 14:53:06','2023-05-01 14:53:06'),(14,1,'Ines','Kuvalis','mason.kshlerin@example.net','+15853211376','MALE','1997-08-16','South Moshe','Nigeria','7297 Becker Lights','1','SUSPENDED',NULL,NULL,NULL,NULL,'2023-05-01 14:53:06','$2y$10$x7CNlBRuTBX54wX33YbFNePr8A1a8x4zCau29fpzE7sn1d67IJx8G',NULL,NULL,'2023-05-01 14:53:06','2023-05-02 20:03:44'),(15,1,'Candida','Gusikowski','michale.bartoletti@example.org','+16505394029','FEMALE','1997-09-05','Marquardtberg','Nigeria','580 Rutherford Grove Apt. 205','1','ACTIVE',NULL,NULL,NULL,NULL,'2023-05-01 14:53:06','$2y$10$scEJYo.wXrc6AN93Cm/EIu3WbyfLw5s1H9YNv8s1l9DXP/j1txerW',NULL,NULL,'2023-05-01 14:53:06','2023-05-01 14:53:06'),(16,1,'Lessie','Heathcote','quinton32@example.net','+19284288742','MALE','1995-07-06','Port Bayleefurt','Nigeria','3993 Goyette Mountain Apt. 434','1','DISABLED',NULL,NULL,NULL,NULL,'2023-05-01 14:53:06','$2y$10$taiF51dr7eCwlFBveuoTbOU7Z4xIdgaN0rl/vHIng.WumjaOgUsvu',NULL,NULL,'2023-05-01 14:53:06','2023-05-01 14:53:06'),(17,1,'Berenice','Boehm','aida.yost@example.com','+17325181004','MALE','2001-11-17','North Greggshire','Nigeria','15484 Jayson Lane Apt. 266','1','DISABLED',NULL,NULL,NULL,NULL,'2023-05-01 14:53:06','$2y$10$zj7dcqW3E8Fo8I1DSB8.KOGOQ3FqcroRwQ2RQB0lXsYG08ghp7U7.',NULL,NULL,'2023-05-01 14:53:06','2023-05-01 14:53:06'),(18,1,'Santiago','Abbott','rosalia.watsica@example.org','+14328604612','MALE','1995-12-28','Marshallmouth','Nigeria','5610 Miller Extensions','1','ACTIVE',NULL,NULL,NULL,NULL,'2023-05-01 14:53:06','$2y$10$lwBXQQGcNkxyRIZeW2qpGuxefxxrmVTg/P6lx380pUYsdHm0h6Maa',NULL,NULL,'2023-05-01 14:53:06','2023-05-01 14:53:06'),(19,1,'Joany','Bogisich','beatty.jerome@example.org','+17475032349','MALE','2000-10-27','East Lennastad','Nigeria','82112 Luciano Via','1','ACTIVE',NULL,NULL,NULL,NULL,'2023-05-01 14:53:06','$2y$10$FSNCD65rnh0zbJFIk7jpOOsxrLW5mIKljbnNhyn/OuK3SklK28ivm',NULL,NULL,'2023-05-01 14:53:06','2023-05-01 15:09:20'),(20,1,'Polly','Cassin','ohyatt@example.org','+18542127646','MALE','1995-09-17','Lake Minerva','Nigeria','618 Graham Extension Suite 966','1','INACTIVE',NULL,NULL,NULL,NULL,'2023-05-01 14:53:06','$2y$10$XUICXgT3E.0/Oh/OrQh0zeeFwFSWXv.1dsRKb7ZcvSKd1aNQLlVSK',NULL,NULL,'2023-05-01 14:53:06','2023-05-01 14:53:06'),(21,1,'Fletcher','Erdman','briana.franecki@example.com','+12068681476','MALE','1998-05-11','Priceland','Nigeria','5820 Elliot Trafficway Suite 579','1','DISABLED',NULL,NULL,NULL,NULL,'2023-05-01 14:53:06','$2y$10$J/GTaL7eaWcHFi/0Bm7e1OFATgYDzhVspy0zttNtEvl93LHUKpHpe',NULL,NULL,'2023-05-01 14:53:06','2023-05-01 14:53:06'),(22,1,'Jordane','Howell','khalil.simonis@example.org','+18654257255','FEMALE','1997-07-12','Effertzchester','Nigeria','563 Kessler Dale','1','SUSPENDED',NULL,NULL,NULL,NULL,'2023-05-01 14:53:06','$2y$10$kohmMCLG9I9FfAhfZEJSIObqQpy3jnebod9ZmJDdLS7lnaFUiSi2e',NULL,NULL,'2023-05-01 14:53:06','2023-05-01 14:53:06'),(23,1,'Germaine','Nikolaus','alisa18@example.net','+15758038113','FEMALE','2003-03-30','New Eileenbury','Nigeria','962 Casper Ridge','1','ACTIVE',NULL,NULL,NULL,NULL,'2023-05-01 14:53:06','$2y$10$DPIANCBTeghQcFzd..uI9OGOQihOgtZCPt5rbzJNjd2h7PF/0wcAC',NULL,NULL,'2023-05-01 14:53:06','2023-05-01 14:53:06'),(24,1,'Cole','Deckow','dare.jade@example.net','+16064389507','MALE','1999-05-07','East Scot','Nigeria','70787 Mckayla Underpass','1','ACTIVE',NULL,NULL,NULL,NULL,'2023-05-01 14:53:06','$2y$10$nfBZClaY9ih34S.Xu4l/E.0nEhD8EVvfDnPeliEQ5r0.vBZFukwWm',NULL,NULL,'2023-05-01 14:53:07','2023-05-01 14:53:07'),(25,1,'Frances','Considine','maximo05@example.org','+19517396925','FEMALE','1995-12-05','New Abbigail','Nigeria','134 Nicolette Wells','1','INACTIVE',NULL,NULL,NULL,NULL,'2023-05-01 14:53:06','$2y$10$9CkwKR07Uyf9Oj9yH89tzOah6tn5uVgAYqQZaS0yCjeLjPqoNeXB.',NULL,NULL,'2023-05-01 14:53:07','2023-05-01 14:53:07'),(26,1,'Chris','Cole','rice.boyd@example.org','+13237800934','MALE','1994-02-14','West Haley','Nigeria','53176 Juwan Green','1','ACTIVE',NULL,NULL,NULL,NULL,'2023-05-01 14:53:06','$2y$10$/XzPCC4S7oELikglIgJdaup77dkwGtHY/6uFk.zhrcQndd218xLte',NULL,NULL,'2023-05-01 14:53:07','2023-05-15 07:14:17');
/*!40000 ALTER TABLE `users` ENABLE KEYS */;
UNLOCK TABLES;

--
-- Table structure for table `wallet_transactions`
--

DROP TABLE IF EXISTS `wallet_transactions`;
/*!40101 SET @saved_cs_client     = @@character_set_client */;
/*!50503 SET character_set_client = utf8mb4 */;
CREATE TABLE `wallet_transactions` (
  `id` bigint unsigned NOT NULL AUTO_INCREMENT,
  `product_id` bigint unsigned NOT NULL,
  `wallet_id` bigint unsigned NOT NULL,
  `user_id` bigint unsigned NOT NULL,
  `reference` varchar(255) COLLATE utf8mb4_unicode_ci NOT NULL,
  `amount` double(12,2) NOT NULL,
  `prev_balance` double(12,2) NOT NULL,
  `new_balance` double(12,2) NOT NULL,
  `status` enum('SUCCESSFUL','FAILED') COLLATE utf8mb4_unicode_ci NOT NULL,
  `type` enum('DEBIT','CREDIT') COLLATE utf8mb4_unicode_ci NOT NULL,
  `reason` enum('TRANSACTION','CHARGE') COLLATE utf8mb4_unicode_ci NOT NULL DEFAULT 'TRANSACTION',
  `info` longtext COLLATE utf8mb4_unicode_ci,
  `created_at` timestamp NULL DEFAULT NULL,
  `updated_at` timestamp NULL DEFAULT NULL,
  PRIMARY KEY (`id`)
) ENGINE=InnoDB AUTO_INCREMENT=157 DEFAULT CHARSET=utf8mb4 COLLATE=utf8mb4_unicode_ci;
/*!40101 SET character_set_client = @saved_cs_client */;

--
-- Dumping data for table `wallet_transactions`
--

LOCK TABLES `wallet_transactions` WRITE;
/*!40000 ALTER TABLE `wallet_transactions` DISABLE KEYS */;
INSERT INTO `wallet_transactions` VALUES (1,8,14,14,'9YV6zUzRzyyUsNxW',65082.00,10736.00,315062.00,'SUCCESSFUL','DEBIT','TRANSACTION','seeded','2023-04-26 10:03:43','2023-05-01 14:53:07'),(2,1,14,14,'cO26k1JLDMalsJPS',16029.00,26572.00,647865.00,'SUCCESSFUL','CREDIT','CHARGE','seeded','2023-03-29 00:02:57','2023-05-01 14:53:07'),(3,8,14,14,'zJqY5uSwQj7XKI8C',50990.00,62064.00,576199.00,'SUCCESSFUL','CREDIT','CHARGE','seeded','2023-04-21 19:50:59','2023-05-01 14:53:07'),(4,8,14,14,'06FnqeuMSPnGkJD3',43503.00,43251.00,319387.00,'SUCCESSFUL','DEBIT','CHARGE','seeded','2023-03-25 04:00:00','2023-05-01 14:53:07'),(5,1,14,14,'RYgcsGAOSRLnA3VW',57838.00,59460.00,799852.00,'SUCCESSFUL','DEBIT','TRANSACTION','seeded','2023-03-18 22:37:24','2023-05-01 14:53:07'),(6,6,14,14,'ZaR8sDkQxMigM0Ah',90069.00,69705.00,650511.00,'SUCCESSFUL','DEBIT','TRANSACTION','seeded','2023-03-12 17:21:40','2023-05-01 14:53:07'),(7,2,14,14,'kpeu6th8jVW1bN7u',51296.00,57556.00,960056.00,'SUCCESSFUL','CREDIT','TRANSACTION','seeded','2023-04-01 07:39:17','2023-05-01 14:53:07'),(8,4,14,14,'TQ4G7xurcoMinIwl',43535.00,9632.00,120132.00,'SUCCESSFUL','CREDIT','TRANSACTION','seeded','2023-04-08 13:23:42','2023-05-01 14:53:07'),(9,5,14,14,'4QusJqUdqfsWWjfR',18379.00,56973.00,515666.00,'SUCCESSFUL','DEBIT','CHARGE','seeded','2023-03-11 03:43:44','2023-05-01 14:53:07'),(10,3,14,14,'a5gJnS5icif7X6dj',43320.00,35088.00,568074.00,'SUCCESSFUL','CREDIT','CHARGE','seeded','2023-04-29 03:39:09','2023-05-01 14:53:07'),(11,4,14,14,'xEcUpBAchMBC8dIh',16901.00,52606.00,921347.00,'SUCCESSFUL','DEBIT','CHARGE','seeded','2023-03-09 00:01:42','2023-05-01 14:53:07'),(12,4,15,15,'4Fh8Xe40ZciV0tZc',78460.00,70784.00,564188.00,'SUCCESSFUL','DEBIT','CHARGE','seeded','2023-03-11 21:55:55','2023-05-01 14:53:07'),(13,2,15,15,'RPJA3yEQ0AlAud00',89390.00,15823.00,473642.00,'SUCCESSFUL','DEBIT','CHARGE','seeded','2023-04-14 03:05:33','2023-05-01 14:53:07'),(14,1,15,15,'cM0fSiTLUyAMU2La',49859.00,29467.00,688651.00,'SUCCESSFUL','DEBIT','TRANSACTION','seeded','2023-03-08 16:18:07','2023-05-01 14:53:07'),(15,4,15,15,'s1YJdE7af8fFP667',90562.00,57176.00,108474.00,'SUCCESSFUL','DEBIT','CHARGE','seeded','2023-03-26 19:12:26','2023-05-01 14:53:07'),(16,6,15,15,'B9oSP7JeZn1oc3Se',53191.00,76820.00,887343.00,'SUCCESSFUL','CREDIT','TRANSACTION','seeded','2023-04-13 00:42:59','2023-05-01 14:53:07'),(17,8,15,15,'5ZFRAUitxowAhwsg',55256.00,51163.00,62796.00,'SUCCESSFUL','CREDIT','CHARGE','seeded','2023-04-07 18:50:17','2023-05-01 14:53:07'),(18,4,15,15,'RAeuez1mlkI0FcI2',11064.00,4349.00,955240.00,'SUCCESSFUL','DEBIT','CHARGE','seeded','2023-04-02 05:05:04','2023-05-01 14:53:07'),(19,2,15,15,'nW2yIYl0Kiup5fFb',35823.00,15689.00,334308.00,'SUCCESSFUL','CREDIT','TRANSACTION','seeded','2023-04-22 22:46:06','2023-05-01 14:53:07'),(20,3,15,15,'z48FtVh1ts8VsLuI',92317.00,48769.00,119439.00,'SUCCESSFUL','DEBIT','TRANSACTION','seeded','2023-03-19 17:31:45','2023-05-01 14:53:07'),(21,5,15,15,'8w8B323E6OKDTDBV',9881.00,85543.00,170726.00,'SUCCESSFUL','DEBIT','TRANSACTION','seeded','2023-04-06 08:11:43','2023-05-01 14:53:07'),(22,4,15,15,'cmtrzQRNuJxuHNkG',77964.00,97656.00,210243.00,'SUCCESSFUL','CREDIT','TRANSACTION','seeded','2023-03-05 18:17:48','2023-05-01 14:53:07'),(23,5,16,16,'DQimehIfwgTpDPqc',36804.00,26346.00,56995.00,'SUCCESSFUL','DEBIT','CHARGE','seeded','2023-03-22 17:03:21','2023-05-01 14:53:07'),(24,1,16,16,'9X4XsHkYKVGjvOjs',43714.00,81555.00,139134.00,'SUCCESSFUL','DEBIT','TRANSACTION','seeded','2023-04-04 05:06:04','2023-05-01 14:53:07'),(25,4,16,16,'nI9HxYWLHmNoS7Wq',54356.00,39300.00,660194.00,'SUCCESSFUL','CREDIT','CHARGE','seeded','2023-03-28 10:08:09','2023-05-01 14:53:07'),(26,1,16,16,'1qLdZ0Ex1Dgt8GPs',49394.00,69420.00,953678.00,'SUCCESSFUL','DEBIT','TRANSACTION','seeded','2023-03-17 08:46:02','2023-05-01 14:53:07'),(27,1,16,16,'UhLZY0qdzmUulCXN',81441.00,84142.00,442323.00,'SUCCESSFUL','CREDIT','CHARGE','seeded','2023-04-22 18:31:15','2023-05-01 14:53:07'),(28,7,16,16,'Hj9FUGwLrKDPFYha',42227.00,48821.00,996150.00,'SUCCESSFUL','CREDIT','CHARGE','seeded','2023-04-16 08:28:37','2023-05-01 14:53:07'),(29,1,16,16,'EDCbNB2CwtUxYIbo',20306.00,6524.00,101814.00,'SUCCESSFUL','DEBIT','TRANSACTION','seeded','2023-04-15 23:41:53','2023-05-01 14:53:07'),(30,4,16,16,'BI35PZ68P7Ew7Gki',31286.00,12025.00,554948.00,'SUCCESSFUL','CREDIT','TRANSACTION','seeded','2023-03-03 10:30:15','2023-05-01 14:53:07'),(31,1,16,16,'zpphuye4ubeAxPnP',78990.00,89908.00,748987.00,'SUCCESSFUL','CREDIT','TRANSACTION','seeded','2023-03-12 18:27:47','2023-05-01 14:53:07'),(32,6,16,16,'5mObIzweN1w9IXrd',22734.00,26219.00,768063.00,'SUCCESSFUL','CREDIT','TRANSACTION','seeded','2023-03-05 11:13:00','2023-05-01 14:53:07'),(33,7,16,16,'IMHp9ZIj6LKXDmuI',24981.00,25534.00,905229.00,'SUCCESSFUL','CREDIT','CHARGE','seeded','2023-04-03 02:22:58','2023-05-01 14:53:07'),(34,3,16,16,'ryAUqeuBZTyytyEz',50680.00,23954.00,74501.00,'SUCCESSFUL','DEBIT','TRANSACTION','seeded','2023-04-27 14:54:53','2023-05-01 14:53:07'),(35,3,16,16,'NfXSdLhSdeMtAIUt',11925.00,35970.00,454488.00,'SUCCESSFUL','DEBIT','CHARGE','seeded','2023-04-11 14:01:34','2023-05-01 14:53:07'),(36,2,16,16,'gs0W0juzcXP67wtT',67341.00,8159.00,846095.00,'SUCCESSFUL','DEBIT','TRANSACTION','seeded','2023-03-08 15:10:07','2023-05-01 14:53:07'),(37,4,17,17,'6pZBQu5dOFITXPDU',1064.00,72229.00,618947.00,'SUCCESSFUL','CREDIT','TRANSACTION','seeded','2023-04-20 08:58:03','2023-05-01 14:53:07'),(38,7,17,17,'qoxMFlqSvsmZIR1I',96539.00,42838.00,898345.00,'SUCCESSFUL','DEBIT','CHARGE','seeded','2023-04-12 14:21:00','2023-05-01 14:53:07'),(39,1,17,17,'D3iwgXowovHnyuGW',63792.00,42738.00,317913.00,'SUCCESSFUL','CREDIT','TRANSACTION','seeded','2023-04-23 14:57:27','2023-05-01 14:53:07'),(40,3,17,17,'MriiCA9hpHuNmrmI',19185.00,16287.00,371176.00,'SUCCESSFUL','DEBIT','CHARGE','seeded','2023-04-22 05:00:23','2023-05-01 14:53:07'),(41,2,17,17,'9vYInjdbm7uqvdD7',40466.00,85710.00,898751.00,'SUCCESSFUL','CREDIT','TRANSACTION','seeded','2023-04-26 12:35:18','2023-05-01 14:53:07'),(42,8,17,17,'kJTXFAD1PcRGacGY',16133.00,41378.00,157980.00,'SUCCESSFUL','DEBIT','TRANSACTION','seeded','2023-03-23 11:50:09','2023-05-01 14:53:07'),(43,2,17,17,'P7x5baCSio3R1Htm',90294.00,35431.00,64576.00,'SUCCESSFUL','CREDIT','TRANSACTION','seeded','2023-04-20 11:27:36','2023-05-01 14:53:07'),(44,6,17,17,'ZnlZioTlqfCZ3GSn',90927.00,45790.00,376828.00,'SUCCESSFUL','DEBIT','CHARGE','seeded','2023-04-16 04:26:11','2023-05-01 14:53:07'),(45,5,17,17,'20BOhfH8eBIOA3U6',79640.00,73839.00,569386.00,'SUCCESSFUL','DEBIT','CHARGE','seeded','2023-04-13 23:06:20','2023-05-01 14:53:07'),(46,2,17,17,'d7b2ki3uwKuaZobY',6968.00,66972.00,846916.00,'SUCCESSFUL','DEBIT','TRANSACTION','seeded','2023-04-23 11:42:16','2023-05-01 14:53:07'),(47,4,17,17,'H1XMDFmVguY2kmBZ',41237.00,87402.00,134894.00,'SUCCESSFUL','CREDIT','TRANSACTION','seeded','2023-04-26 05:20:50','2023-05-01 14:53:07'),(48,7,17,17,'TcS6jkCvjLGZxYXY',64683.00,47255.00,398593.00,'SUCCESSFUL','CREDIT','CHARGE','seeded','2023-04-12 19:34:01','2023-05-01 14:53:07'),(49,6,17,17,'2Q2in5EF2L0AhjS2',39940.00,63190.00,435810.00,'SUCCESSFUL','CREDIT','CHARGE','seeded','2023-04-19 15:21:55','2023-05-01 14:53:07'),(50,5,17,17,'GL3vdSaIpxWA2dUR',43855.00,60470.00,40377.00,'SUCCESSFUL','DEBIT','CHARGE','seeded','2023-04-10 17:36:40','2023-05-01 14:53:07'),(51,8,17,17,'RLv2iG3yailAQ5f5',14088.00,51643.00,22276.00,'SUCCESSFUL','DEBIT','CHARGE','seeded','2023-04-21 22:36:56','2023-05-01 14:53:07'),(52,1,18,18,'lOBvOYaTzG6lEVpv',62291.00,34898.00,653426.00,'SUCCESSFUL','DEBIT','CHARGE','seeded','2023-03-06 08:03:52','2023-05-01 14:53:07'),(53,3,18,18,'xHDaOQCA1tXDaLHH',22169.00,9513.00,773334.00,'SUCCESSFUL','DEBIT','CHARGE','seeded','2023-04-20 21:56:09','2023-05-01 14:53:07'),(54,4,18,18,'BLpiSWSLl00BP7S3',48667.00,27510.00,38951.00,'SUCCESSFUL','CREDIT','CHARGE','seeded','2023-03-26 13:07:45','2023-05-01 14:53:07'),(55,3,18,18,'C3PJECcgXW9WCJ0C',75004.00,67689.00,646888.00,'SUCCESSFUL','CREDIT','CHARGE','seeded','2023-04-29 01:03:54','2023-05-01 14:53:07'),(56,4,18,18,'4ttbpY4Ud9vUnjtQ',88117.00,62097.00,600750.00,'SUCCESSFUL','CREDIT','TRANSACTION','seeded','2023-03-17 02:56:30','2023-05-01 14:53:07'),(57,2,18,18,'B8x7uYghqsr3Fe91',13685.00,73044.00,889906.00,'SUCCESSFUL','CREDIT','CHARGE','seeded','2023-03-01 23:26:59','2023-05-01 14:53:07'),(58,6,18,18,'4xyyN8KGoV4J9vlr',61502.00,33850.00,865442.00,'SUCCESSFUL','DEBIT','CHARGE','seeded','2023-03-13 23:24:46','2023-05-01 14:53:07'),(59,1,18,18,'t4FyCUEGDs5pQcbu',35370.00,17074.00,154791.00,'SUCCESSFUL','CREDIT','TRANSACTION','seeded','2023-04-16 05:22:16','2023-05-01 14:53:07'),(60,3,18,18,'AXCMtfDXWuhXBcFN',79004.00,13695.00,946515.00,'SUCCESSFUL','CREDIT','TRANSACTION','seeded','2023-03-03 23:21:43','2023-05-01 14:53:07'),(61,1,18,18,'cWfijO4gM1IAHJgp',92510.00,53363.00,329467.00,'SUCCESSFUL','DEBIT','CHARGE','seeded','2023-04-14 03:15:50','2023-05-01 14:53:07'),(62,3,18,18,'40Xwwev8l8vJ5jav',8505.00,11818.00,329128.00,'SUCCESSFUL','DEBIT','CHARGE','seeded','2023-03-27 03:57:32','2023-05-01 14:53:07'),(63,3,18,18,'SDCjN8cE4jTXZZy6',97479.00,24207.00,115548.00,'SUCCESSFUL','DEBIT','CHARGE','seeded','2023-04-18 20:55:15','2023-05-01 14:53:07'),(64,2,19,19,'PTkyBdvLgVTbfgaU',38844.00,31840.00,440284.00,'SUCCESSFUL','DEBIT','TRANSACTION','seeded','2023-04-09 13:34:11','2023-05-01 14:53:07'),(65,1,19,19,'keYZJElS9mOB4B5W',26976.00,54005.00,733060.00,'SUCCESSFUL','DEBIT','TRANSACTION','seeded','2023-03-20 18:40:18','2023-05-01 14:53:07'),(66,5,19,19,'1QQM3qKIadghZSFi',68337.00,61136.00,827748.00,'SUCCESSFUL','DEBIT','CHARGE','seeded','2023-04-15 19:56:03','2023-05-01 14:53:07'),(67,6,19,19,'1wAD7TSilcIfQuHA',96262.00,11700.00,585261.00,'SUCCESSFUL','DEBIT','TRANSACTION','seeded','2023-04-21 18:58:54','2023-05-01 14:53:07'),(68,5,19,19,'U53LG3JxantfjeT4',19184.00,32380.00,912468.00,'SUCCESSFUL','CREDIT','TRANSACTION','seeded','2023-03-22 01:38:24','2023-05-01 14:53:07'),(69,6,19,19,'D7dl3Vz1K5jA8lxS',29139.00,8371.00,899828.00,'SUCCESSFUL','DEBIT','CHARGE','seeded','2023-03-02 07:44:36','2023-05-01 14:53:07'),(70,4,19,19,'SH8O2fvRCttnlFWy',79440.00,74280.00,776834.00,'SUCCESSFUL','DEBIT','TRANSACTION','seeded','2023-04-26 04:45:09','2023-05-01 14:53:07'),(71,5,19,19,'AeuOYh8a9CxMCMba',27179.00,53872.00,883851.00,'SUCCESSFUL','CREDIT','CHARGE','seeded','2023-04-17 17:20:50','2023-05-01 14:53:07'),(72,4,19,19,'624gfVtDa8BgPY6u',22344.00,456.00,805332.00,'SUCCESSFUL','DEBIT','CHARGE','seeded','2023-03-22 20:22:43','2023-05-01 14:53:07'),(73,8,19,19,'0vxYotTV0EnmkDcZ',50992.00,64344.00,685217.00,'SUCCESSFUL','DEBIT','TRANSACTION','seeded','2023-03-08 06:06:25','2023-05-01 14:53:07'),(74,1,19,19,'JTP2fxWO1oJWWxiY',96469.00,96137.00,180763.00,'SUCCESSFUL','CREDIT','TRANSACTION','seeded','2023-04-21 05:36:13','2023-05-01 14:53:07'),(75,5,20,20,'aJo4FAl0XLxWGoPC',7478.00,15843.00,402907.00,'SUCCESSFUL','DEBIT','CHARGE','seeded','2023-04-04 01:30:02','2023-05-01 14:53:07'),(76,2,20,20,'3AIbDwhcewqeepGU',60566.00,51058.00,569947.00,'SUCCESSFUL','CREDIT','CHARGE','seeded','2023-04-25 18:41:24','2023-05-01 14:53:07'),(77,3,20,20,'Z4gk0PsZoTeWh9Dw',5385.00,32628.00,763481.00,'SUCCESSFUL','DEBIT','CHARGE','seeded','2023-03-19 21:28:21','2023-05-01 14:53:07'),(78,4,20,20,'61J39cnh4TV6yHWa',70938.00,15067.00,424876.00,'SUCCESSFUL','CREDIT','CHARGE','seeded','2023-03-07 13:37:50','2023-05-01 14:53:07'),(79,5,20,20,'UsxQYw3rx2hFmocz',5379.00,50888.00,499299.00,'SUCCESSFUL','DEBIT','CHARGE','seeded','2023-03-18 14:59:11','2023-05-01 14:53:07'),(80,7,20,20,'gVSlQZt2vHFI46bw',40302.00,77550.00,720318.00,'SUCCESSFUL','DEBIT','CHARGE','seeded','2023-03-16 09:46:07','2023-05-01 14:53:07'),(81,3,20,20,'KQPDjYlzAFCX8Pd7',37744.00,47880.00,66398.00,'SUCCESSFUL','CREDIT','TRANSACTION','seeded','2023-04-30 11:26:26','2023-05-01 14:53:07'),(82,7,20,20,'2cjDIU9COCcyxyzn',98385.00,48135.00,177529.00,'SUCCESSFUL','CREDIT','TRANSACTION','seeded','2023-03-23 11:30:29','2023-05-01 14:53:07'),(83,3,20,20,'OM5t70E5ZF9YlrdE',91684.00,37452.00,852649.00,'SUCCESSFUL','CREDIT','TRANSACTION','seeded','2023-03-16 23:16:48','2023-05-01 14:53:07'),(84,7,20,20,'kdnlTlOagzFUa6hE',51606.00,12202.00,579782.00,'SUCCESSFUL','DEBIT','CHARGE','seeded','2023-04-19 09:47:56','2023-05-01 14:53:07'),(85,7,20,20,'upvjjTqldTyWW9Vm',54353.00,13297.00,27789.00,'SUCCESSFUL','CREDIT','CHARGE','seeded','2023-04-06 05:59:59','2023-05-01 14:53:07'),(86,6,20,20,'ilW27csCFBkIq5kh',64382.00,26653.00,791311.00,'SUCCESSFUL','DEBIT','CHARGE','seeded','2023-03-26 12:30:39','2023-05-01 14:53:07'),(87,3,20,20,'WdcHacTGVPdMWvpv',94255.00,58237.00,508294.00,'SUCCESSFUL','CREDIT','TRANSACTION','seeded','2023-03-29 20:19:39','2023-05-01 14:53:07'),(88,4,21,21,'kIdarXvIZcOwE74s',25372.00,92604.00,901012.00,'SUCCESSFUL','CREDIT','TRANSACTION','seeded','2023-03-29 11:14:59','2023-05-01 14:53:07'),(89,6,21,21,'u7al2ArEHQz4MTwH',7937.00,90579.00,296314.00,'SUCCESSFUL','CREDIT','TRANSACTION','seeded','2023-04-03 01:12:47','2023-05-01 14:53:07'),(90,6,21,21,'bjBwMtj1UHtqfvzs',75279.00,27902.00,878574.00,'SUCCESSFUL','CREDIT','TRANSACTION','seeded','2023-04-27 00:34:43','2023-05-01 14:53:07'),(91,4,21,21,'8XCG3WwW6iyYiw2W',18508.00,28287.00,548457.00,'SUCCESSFUL','DEBIT','TRANSACTION','seeded','2023-03-31 17:40:11','2023-05-01 14:53:07'),(92,8,21,21,'gDzIBHoRcJBWNKb6',80894.00,9662.00,89425.00,'SUCCESSFUL','CREDIT','CHARGE','seeded','2023-04-05 08:54:27','2023-05-01 14:53:07'),(93,6,21,21,'J3UNKsbOFNdkI828',4836.00,16495.00,924783.00,'SUCCESSFUL','DEBIT','CHARGE','seeded','2023-03-18 06:40:43','2023-05-01 14:53:07'),(94,3,21,21,'Gy77PudjFYXK8dYw',28738.00,43148.00,779727.00,'SUCCESSFUL','CREDIT','TRANSACTION','seeded','2023-04-12 03:20:25','2023-05-01 14:53:07'),(95,4,21,21,'HmGnRn1d5Ho0W4xX',88688.00,67880.00,489108.00,'SUCCESSFUL','CREDIT','TRANSACTION','seeded','2023-04-07 16:43:30','2023-05-01 14:53:07'),(96,3,21,21,'BlL6YZupvsRqucQE',52946.00,48156.00,88538.00,'SUCCESSFUL','CREDIT','TRANSACTION','seeded','2023-03-02 20:30:40','2023-05-01 14:53:07'),(97,2,21,21,'6sywUxJJvUemHahp',59545.00,93246.00,498810.00,'SUCCESSFUL','CREDIT','TRANSACTION','seeded','2023-04-27 15:48:57','2023-05-01 14:53:07'),(98,2,22,22,'8u9gshb5Yk7qvQMv',66151.00,24702.00,742499.00,'SUCCESSFUL','CREDIT','TRANSACTION','seeded','2023-04-06 12:17:42','2023-05-01 14:53:07'),(99,4,22,22,'bCWMa2NvBQZJHPNa',75402.00,28591.00,903843.00,'SUCCESSFUL','CREDIT','CHARGE','seeded','2023-04-28 02:34:25','2023-05-01 14:53:07'),(100,3,22,22,'6ivpOonipx6PPfRd',2444.00,30562.00,519739.00,'SUCCESSFUL','CREDIT','CHARGE','seeded','2023-03-19 00:34:36','2023-05-01 14:53:07'),(101,1,22,22,'oGZVP8FvhanBUDpf',91478.00,3397.00,138461.00,'SUCCESSFUL','DEBIT','TRANSACTION','seeded','2023-03-21 10:37:43','2023-05-01 14:53:07'),(102,6,22,22,'Q5Y4xQHzTCIIugbO',61425.00,79666.00,602804.00,'SUCCESSFUL','DEBIT','CHARGE','seeded','2023-03-15 07:23:16','2023-05-01 14:53:07'),(103,3,22,22,'qHxwasXr4W5ins8a',60282.00,85713.00,339958.00,'SUCCESSFUL','DEBIT','CHARGE','seeded','2023-03-16 18:36:17','2023-05-01 14:53:07'),(104,2,22,22,'cDljB7CK6nBa6lyc',66772.00,63099.00,720955.00,'SUCCESSFUL','CREDIT','TRANSACTION','seeded','2023-03-04 18:15:19','2023-05-01 14:53:07'),(105,4,22,22,'qdcRH1tyaOnvmfEM',82511.00,50980.00,729495.00,'SUCCESSFUL','CREDIT','TRANSACTION','seeded','2023-04-29 18:44:30','2023-05-01 14:53:07'),(106,8,22,22,'qMYpk0vKqGsO3CBE',30256.00,90446.00,908295.00,'SUCCESSFUL','DEBIT','CHARGE','seeded','2023-04-26 22:18:11','2023-05-01 14:53:07'),(107,4,22,22,'Xdr2WV1FN3UMMwKW',49236.00,15098.00,968744.00,'SUCCESSFUL','CREDIT','CHARGE','seeded','2023-03-24 23:55:59','2023-05-01 14:53:07'),(108,1,22,22,'VybW9bRvNFYKFDkw',66111.00,89974.00,909050.00,'SUCCESSFUL','DEBIT','CHARGE','seeded','2023-04-13 04:40:30','2023-05-01 14:53:07'),(109,6,22,22,'yAsNHItpQY5Kstq5',92471.00,38683.00,184057.00,'SUCCESSFUL','DEBIT','TRANSACTION','seeded','2023-04-20 13:22:15','2023-05-01 14:53:07'),(110,3,23,23,'uZVcwpSEw7xGQT3f',13864.00,10495.00,293125.00,'SUCCESSFUL','DEBIT','TRANSACTION','seeded','2023-03-20 11:25:43','2023-05-01 14:53:07'),(111,8,23,23,'g4pFajI1jLiDjArt',5096.00,70864.00,874500.00,'SUCCESSFUL','CREDIT','CHARGE','seeded','2023-03-31 07:17:10','2023-05-01 14:53:07'),(112,3,23,23,'f2Kb0bvg6csZzCt1',8939.00,10232.00,770364.00,'SUCCESSFUL','CREDIT','CHARGE','seeded','2023-04-06 06:13:47','2023-05-01 14:53:07'),(113,8,23,23,'inGEL53O6Q06KNpU',23257.00,53413.00,595500.00,'SUCCESSFUL','CREDIT','CHARGE','seeded','2023-03-09 01:57:23','2023-05-01 14:53:07'),(114,6,23,23,'zdv94wcswaMQq633',10487.00,36995.00,975156.00,'SUCCESSFUL','CREDIT','CHARGE','seeded','2023-04-10 15:44:54','2023-05-01 14:53:07'),(115,8,23,23,'NK6e61dN5yNmrpv8',26440.00,91504.00,807237.00,'SUCCESSFUL','DEBIT','TRANSACTION','seeded','2023-04-11 23:00:08','2023-05-01 14:53:07'),(116,7,23,23,'BU4vImmReh3Kn0QK',35529.00,37448.00,655883.00,'SUCCESSFUL','CREDIT','TRANSACTION','seeded','2023-03-17 12:56:55','2023-05-01 14:53:07'),(117,5,23,23,'Cp0MMk9B6K3SYAoI',31941.00,92303.00,934992.00,'SUCCESSFUL','DEBIT','TRANSACTION','seeded','2023-03-09 15:06:22','2023-05-01 14:53:07'),(118,3,23,23,'JoEE0aLJWEobi1Wf',59314.00,41985.00,73164.00,'SUCCESSFUL','DEBIT','CHARGE','seeded','2023-03-24 08:08:57','2023-05-01 14:53:07'),(119,2,23,23,'nKUVVABt9NMiR2zm',5583.00,1008.00,351342.00,'SUCCESSFUL','CREDIT','TRANSACTION','seeded','2023-03-24 19:18:08','2023-05-01 14:53:07'),(120,2,23,23,'ZjWcwLe9lJ5q2tLa',6376.00,48949.00,389160.00,'SUCCESSFUL','DEBIT','TRANSACTION','seeded','2023-04-19 23:26:38','2023-05-01 14:53:07'),(121,2,23,23,'v96D8riNV5HSCV5W',24600.00,88466.00,526932.00,'SUCCESSFUL','DEBIT','TRANSACTION','seeded','2023-03-28 21:44:43','2023-05-01 14:53:07'),(122,4,24,24,'lKKGz1crunHNFfBc',77048.00,86400.00,252300.00,'SUCCESSFUL','CREDIT','TRANSACTION','seeded','2023-04-12 10:44:12','2023-05-01 14:53:07'),(123,5,24,24,'q9de0ghGNgPDZ4Kh',35334.00,630.00,591592.00,'SUCCESSFUL','DEBIT','TRANSACTION','seeded','2023-04-12 17:58:00','2023-05-01 14:53:07'),(124,5,24,24,'TPBAtSRDtJ8bkiFk',96932.00,9566.00,561167.00,'SUCCESSFUL','DEBIT','TRANSACTION','seeded','2023-04-10 07:33:25','2023-05-01 14:53:07'),(125,5,24,24,'mJ7QUpB7hE2YUTrJ',96051.00,87572.00,611289.00,'SUCCESSFUL','CREDIT','CHARGE','seeded','2023-04-25 05:16:35','2023-05-01 14:53:07'),(126,3,24,24,'2hLjB6u9T7KXJdGd',6578.00,59025.00,751149.00,'SUCCESSFUL','CREDIT','CHARGE','seeded','2023-04-04 12:55:18','2023-05-01 14:53:07'),(127,2,24,24,'Xtcw06lyuvFcxoX6',97176.00,85142.00,778633.00,'SUCCESSFUL','DEBIT','CHARGE','seeded','2023-04-21 05:18:48','2023-05-01 14:53:07'),(128,7,24,24,'eX3ilBhHoHkU7kIw',59256.00,40880.00,215889.00,'SUCCESSFUL','CREDIT','TRANSACTION','seeded','2023-04-07 12:06:11','2023-05-01 14:53:07'),(129,4,24,24,'eUMl00hoYp4xUS59',10693.00,14021.00,235311.00,'SUCCESSFUL','CREDIT','TRANSACTION','seeded','2023-04-05 11:12:15','2023-05-01 14:53:07'),(130,7,24,24,'gZItHcY6tpffiavU',54125.00,43053.00,503373.00,'SUCCESSFUL','DEBIT','CHARGE','seeded','2023-04-30 13:20:43','2023-05-01 14:53:07'),(131,8,24,24,'r7MlQfdJi3HGUN7S',87292.00,9433.00,268955.00,'SUCCESSFUL','DEBIT','CHARGE','seeded','2023-03-03 05:06:32','2023-05-01 14:53:07'),(132,4,25,25,'xLT6bnQF7bN2evyG',52250.00,8718.00,894042.00,'SUCCESSFUL','CREDIT','TRANSACTION','seeded','2023-04-01 20:30:06','2023-05-01 14:53:07'),(133,7,25,25,'O2wwNYzKFhrTX8oD',47769.00,27572.00,90168.00,'SUCCESSFUL','DEBIT','TRANSACTION','seeded','2023-04-25 18:24:40','2023-05-01 14:53:07'),(134,7,25,25,'8hDgRVkNv3ertyo9',74553.00,92131.00,805277.00,'SUCCESSFUL','CREDIT','CHARGE','seeded','2023-03-21 11:52:54','2023-05-01 14:53:07'),(135,6,25,25,'CgTKEMqi5jNxYPvh',93498.00,33970.00,78338.00,'SUCCESSFUL','DEBIT','TRANSACTION','seeded','2023-03-11 07:40:57','2023-05-01 14:53:07'),(136,1,25,25,'bVqQM6ORXiKWqWEt',8199.00,68049.00,456017.00,'SUCCESSFUL','CREDIT','CHARGE','seeded','2023-03-21 08:00:20','2023-05-01 14:53:07'),(137,3,25,25,'XIOAAKNYqvW7kBWH',79014.00,64364.00,472560.00,'SUCCESSFUL','DEBIT','TRANSACTION','seeded','2023-04-23 06:27:38','2023-05-01 14:53:07'),(138,7,25,25,'x1KKVJFpJHOT0nnv',84655.00,14103.00,753855.00,'SUCCESSFUL','CREDIT','CHARGE','seeded','2023-03-12 00:49:33','2023-05-01 14:53:07'),(139,8,25,25,'7GrRkvczPef7Y9Du',13254.00,74462.00,993776.00,'SUCCESSFUL','DEBIT','TRANSACTION','seeded','2023-04-26 14:52:21','2023-05-01 14:53:07'),(140,3,25,25,'we72svJ2FOQyCDgs',2772.00,42948.00,148470.00,'SUCCESSFUL','CREDIT','TRANSACTION','seeded','2023-03-16 14:11:03','2023-05-01 14:53:07'),(141,1,25,25,'QKjh7OUJTc7dC6q7',33989.00,40944.00,847870.00,'SUCCESSFUL','CREDIT','CHARGE','seeded','2023-03-03 08:00:02','2023-05-01 14:53:07'),(142,8,25,25,'hyaGpjlocwRgH4fz',76801.00,36608.00,623587.00,'SUCCESSFUL','DEBIT','CHARGE','seeded','2023-04-20 10:55:35','2023-05-01 14:53:07'),(143,1,25,25,'1nMa0Pkb95kE7nAO',19106.00,69877.00,489660.00,'SUCCESSFUL','CREDIT','CHARGE','seeded','2023-04-23 09:40:11','2023-05-01 14:53:07'),(144,7,25,25,'Hy9hmXJAF2uf4Xk6',74051.00,66001.00,682055.00,'SUCCESSFUL','CREDIT','CHARGE','seeded','2023-03-02 19:38:15','2023-05-01 14:53:07'),(145,5,26,26,'JseQzqt3Zj95atfo',39248.00,19297.00,183417.00,'SUCCESSFUL','CREDIT','TRANSACTION','seeded','2023-04-09 11:37:16','2023-05-01 14:53:07'),(146,2,26,26,'2SNQQYrrjpVFAIHW',93743.00,32007.00,40018.00,'SUCCESSFUL','CREDIT','CHARGE','seeded','2023-04-12 08:07:45','2023-05-01 14:53:07'),(147,6,26,26,'Dk746RPAtZmZO44r',97085.00,4700.00,892545.00,'SUCCESSFUL','CREDIT','CHARGE','seeded','2023-03-14 12:15:29','2023-05-01 14:53:07'),(148,6,26,26,'M6c3FW6OtINkJVje',5500.00,57170.00,236758.00,'SUCCESSFUL','DEBIT','TRANSACTION','seeded','2023-03-22 04:35:10','2023-05-01 14:53:07'),(149,1,26,26,'r535fVabwR3Fq0TM',65054.00,5257.00,889926.00,'SUCCESSFUL','CREDIT','TRANSACTION','seeded','2023-04-09 09:10:52','2023-05-01 14:53:07'),(150,8,26,26,'9CH7q9jCVcXjF4PI',38569.00,26429.00,587134.00,'SUCCESSFUL','CREDIT','TRANSACTION','seeded','2023-04-30 23:52:40','2023-05-01 14:53:07'),(151,1,26,26,'6DkA6ecRTeKec7i7',32367.00,96684.00,246832.00,'SUCCESSFUL','CREDIT','TRANSACTION','seeded','2023-03-27 05:30:24','2023-05-01 14:53:07'),(152,3,26,26,'K06cHBgmvxjOyWgK',75176.00,59798.00,171496.00,'SUCCESSFUL','CREDIT','CHARGE','seeded','2023-03-03 04:47:52','2023-05-01 14:53:07'),(153,8,26,26,'NP0P0XDmgeRefKHx',46814.00,7816.00,251397.00,'SUCCESSFUL','CREDIT','CHARGE','seeded','2023-03-28 03:36:55','2023-05-01 14:53:07'),(154,6,26,26,'9N9l0MARJJBE9uan',68469.00,28516.00,514543.00,'SUCCESSFUL','CREDIT','TRANSACTION','seeded','2023-04-04 16:24:26','2023-05-01 14:53:07'),(155,1,26,26,'hGcdKvj4ytgmcKXm',48841.00,95536.00,506235.00,'SUCCESSFUL','DEBIT','CHARGE','seeded','2023-04-25 15:42:07','2023-05-01 14:53:07'),(156,3,26,26,'vhfCUQ5SvpV0Gsbf',97438.00,35106.00,138806.00,'SUCCESSFUL','DEBIT','TRANSACTION','seeded','2023-04-26 14:56:16','2023-05-01 14:53:07');
/*!40000 ALTER TABLE `wallet_transactions` ENABLE KEYS */;
UNLOCK TABLES;

--
-- Table structure for table `wallets`
--

DROP TABLE IF EXISTS `wallets`;
/*!40101 SET @saved_cs_client     = @@character_set_client */;
/*!50503 SET character_set_client = utf8mb4 */;
CREATE TABLE `wallets` (
  `id` bigint unsigned NOT NULL AUTO_INCREMENT,
  `uwid` char(36) COLLATE utf8mb4_unicode_ci NOT NULL,
  `user_id` bigint unsigned NOT NULL,
  `account_number` varchar(10) COLLATE utf8mb4_unicode_ci NOT NULL,
  `balance` double(12,2) NOT NULL DEFAULT '0.00',
  `income` double(12,2) NOT NULL DEFAULT '0.00',
  `status` enum('ACTIVE','SUSPENDED') COLLATE utf8mb4_unicode_ci NOT NULL DEFAULT 'ACTIVE',
  `disable_debit` tinyint(1) NOT NULL DEFAULT '0',
  `created_at` timestamp NULL DEFAULT NULL,
  `updated_at` timestamp NULL DEFAULT NULL,
  PRIMARY KEY (`id`)
) ENGINE=InnoDB AUTO_INCREMENT=27 DEFAULT CHARSET=utf8mb4 COLLATE=utf8mb4_unicode_ci;
/*!40101 SET character_set_client = @saved_cs_client */;

--
-- Dumping data for table `wallets`
--

LOCK TABLES `wallets` WRITE;
/*!40000 ALTER TABLE `wallets` DISABLE KEYS */;
INSERT INTO `wallets` VALUES (1,'000001f6-e838-21ed-bd00-0659067703e9',1,'3030946523',0.00,0.00,'ACTIVE',0,'2023-05-01 14:53:05','2023-05-01 14:53:05'),(2,'000001f6-e838-21ed-b600-0659067703e9',2,'3064259110',0.00,0.00,'ACTIVE',0,'2023-05-01 14:53:05','2023-05-01 14:53:05'),(3,'000001f6-e838-21ed-9a00-0659067703e9',3,'3092948632',0.00,0.00,'ACTIVE',0,'2023-05-01 14:53:05','2023-05-01 14:53:05'),(4,'000001f6-e838-21ed-9a00-0659067703e9',4,'3045884516',0.00,0.00,'ACTIVE',0,'2023-05-01 14:53:05','2023-05-01 14:53:05'),(5,'000001f6-e838-21ed-9600-0659067703e9',5,'3063965922',0.00,0.00,'ACTIVE',0,'2023-05-01 14:53:05','2023-05-01 14:53:05'),(6,'000001f6-e838-21ed-9300-0659067703e9',6,'3079604677',0.00,0.00,'ACTIVE',0,'2023-05-01 14:53:05','2023-05-01 14:53:05'),(7,'000001f6-e838-21ed-bf00-0659067703e9',7,'3029965281',0.00,0.00,'ACTIVE',0,'2023-05-01 14:53:05','2023-05-01 14:53:05'),(8,'000001f6-e838-21ed-a100-0659067703e9',8,'3040698694',0.00,0.00,'ACTIVE',0,'2023-05-01 14:53:05','2023-05-01 14:53:05'),(9,'000001f6-e838-21ed-8d00-0659067703e9',9,'3070780942',0.00,0.00,'ACTIVE',0,'2023-05-01 14:53:05','2023-05-01 14:53:05'),(10,'000001f6-e838-21ed-8900-0659067703e9',10,'3049356813',0.00,0.00,'ACTIVE',0,'2023-05-01 14:53:06','2023-05-01 14:53:06'),(11,'000001f6-e838-21ed-9a00-0659067703e9',11,'3038674598',0.00,0.00,'ACTIVE',0,'2023-05-01 14:53:06','2023-05-01 14:53:06'),(12,'000001f6-e838-21ed-ba00-0659067703e9',12,'3086134917',0.00,0.00,'ACTIVE',0,'2023-05-01 14:53:06','2023-05-01 14:53:06'),(13,'000001f6-e838-21ed-a800-0659067703e9',13,'3054031422',0.00,0.00,'ACTIVE',0,'2023-05-01 14:53:06','2023-05-01 14:53:06'),(14,'000001f6-e838-21ed-8c00-0659067703e9',14,'3040380605',0.00,0.00,'ACTIVE',0,'2023-05-01 14:53:06','2023-05-01 14:53:06'),(15,'000001f6-e838-21ed-ae00-0659067703e9',15,'3080442811',0.00,0.00,'ACTIVE',0,'2023-05-01 14:53:06','2023-05-01 14:53:06'),(16,'000001f6-e838-21ed-a000-0659067703e9',16,'3032821721',0.00,0.00,'ACTIVE',0,'2023-05-01 14:53:06','2023-05-01 14:53:06'),(17,'000001f6-e838-21ed-9200-0659067703e9',17,'3021540382',0.00,0.00,'SUSPENDED',0,'2023-05-01 14:53:06','2023-05-13 07:15:39'),(18,'000001f6-e838-21ed-9e00-0659067703e9',18,'3075364898',0.00,0.00,'ACTIVE',0,'2023-05-01 14:53:06','2023-05-01 14:53:06'),(19,'000001f6-e838-21ed-9400-0659067703e9',19,'3018929680',0.00,0.00,'ACTIVE',0,'2023-05-01 14:53:06','2023-05-01 15:09:54'),(20,'000001f6-e838-21ed-8b00-0659067703e9',20,'3045154618',0.00,0.00,'ACTIVE',0,'2023-05-01 14:53:06','2023-05-01 14:53:06'),(21,'000001f6-e838-21ed-8200-0659067703e9',21,'3079526555',0.00,0.00,'ACTIVE',0,'2023-05-01 14:53:06','2023-05-01 14:53:06'),(22,'000001f6-e838-21ed-8800-0659067703e9',22,'3060431395',0.00,0.00,'ACTIVE',0,'2023-05-01 14:53:06','2023-05-01 14:53:06'),(23,'000001f6-e838-21ed-b500-0659067703e9',23,'3046542188',0.00,0.00,'ACTIVE',0,'2023-05-01 14:53:06','2023-05-01 14:53:06'),(24,'000001f6-e838-21ed-9c00-0659067703e9',24,'3021879908',0.00,0.00,'ACTIVE',0,'2023-05-01 14:53:07','2023-05-01 14:53:07'),(25,'000001f6-e838-21ed-aa00-0659067703e9',25,'3044371952',0.00,0.00,'ACTIVE',0,'2023-05-01 14:53:07','2023-05-01 14:53:07'),(26,'000001f6-e838-21ed-b500-0659067703e9',26,'3054388250',0.00,0.00,'ACTIVE',0,'2023-05-01 14:53:07','2023-05-01 14:53:07');
/*!40000 ALTER TABLE `wallets` ENABLE KEYS */;
UNLOCK TABLES;
/*!40103 SET TIME_ZONE=@OLD_TIME_ZONE */;

/*!40101 SET SQL_MODE=@OLD_SQL_MODE */;
/*!40014 SET FOREIGN_KEY_CHECKS=@OLD_FOREIGN_KEY_CHECKS */;
/*!40014 SET UNIQUE_CHECKS=@OLD_UNIQUE_CHECKS */;
/*!40101 SET CHARACTER_SET_CLIENT=@OLD_CHARACTER_SET_CLIENT */;
/*!40101 SET CHARACTER_SET_RESULTS=@OLD_CHARACTER_SET_RESULTS */;
/*!40101 SET COLLATION_CONNECTION=@OLD_COLLATION_CONNECTION */;
/*!40111 SET SQL_NOTES=@OLD_SQL_NOTES */;

-- Dump completed on 2023-05-15 19:43:19
